DateTime,Date,Phase,IdLabel,Group,unitLabel,eventDuration,senseRFIDrecords,MsgValue1,Day,DateTime_end,DoubleRead
2020-08-27T00:00:17.536996Z,2020-08-27,light,14827B,All,R2-2,332,3,"0,117,215",4,2020-08-27T00:00:17.868996Z,0
2020-08-27T00:00:18.843002Z,2020-08-27,light,14827B,All,R2-1,115,2,"0,115",4,2020-08-27T00:00:18.958002Z,0
2020-08-27T00:01:18.264999Z,2020-08-27,light,14827B,All,R2-1,116,2,"0,116",4,2020-08-27T00:01:18.380999Z,0
2020-08-27T00:01:19.529999Z,2020-08-27,light,14827B,All,R2-2,1274,12,"0,115,116,116,116,115,116,117,115,116,116,116",4,2020-08-27T00:01:20.803999Z,0
2020-08-27T00:01:22.217998Z,2020-08-27,light,14827B,All,R2-2,75,1,0,4,2020-08-27T00:01:22.292998Z,0
2020-08-27T00:01:22.795997Z,2020-08-27,light,14827B,All,R2-1,349,4,"0,116,117,116",4,2020-08-27T00:01:23.144997Z,0
2020-08-27T00:01:27.862Z,2020-08-27,light,14827B,All,R2-3,1157,11,"0,116,116,116,114,118,115,115,117,151,79",4,2020-08-27T00:01:29.019001Z,0
2020-08-27T00:01:32.646997Z,2020-08-27,light,14827B,All,R2-5,75,1,0,4,2020-08-27T00:01:32.721997Z,0
2020-08-27T00:01:38.172Z,2020-08-27,light,14827B,All,R3-1,926,9,"0,116,116,114,156,76,115,116,117",4,2020-08-27T00:01:39.098Z,0
2020-08-27T00:01:49.613002Z,2020-08-27,light,14827B,All,R3-1,114,2,"0,114",4,2020-08-27T00:01:49.727002Z,0
2020-08-27T00:01:53.422999Z,2020-08-27,light,14827B,All,R2-6,347,4,"0,117,115,115",4,2020-08-27T00:01:53.769999Z,0
2020-08-27T00:01:57.498003Z,2020-08-27,light,14827B,All,R2-4,448,4,"0,214,116,118",4,2020-08-27T00:01:57.946003Z,0
2020-08-27T00:02:00.590Z,2020-08-27,light,14827B,All,R2-8,75,1,0,4,2020-08-27T00:02:00.665Z,0
2020-08-27T00:02:07.600005Z,2020-08-27,light,14827B,All,R2-6,75,1,0,4,2020-08-27T00:02:07.675005Z,0
2020-08-27T00:02:10.839002Z,2020-08-27,light,14827B,All,R3-1,347,4,"0,115,115,117",4,2020-08-27T00:02:11.186002Z,0
2020-08-27T00:02:34.842002Z,2020-08-27,light,14827B,All,R3-1,232,3,"0,116,116",4,2020-08-27T00:02:35.074002Z,0
2020-08-27T00:02:35.856001Z,2020-08-27,light,14827B,All,R3-2,463,5,"0,116,117,115,115",4,2020-08-27T00:02:36.319001Z,0
2020-08-27T00:02:52.690998Z,2020-08-27,light,14827B,All,R3-4,517,2,"0,517",4,2020-08-27T00:02:53.207998Z,0
2020-08-27T00:03:20.060004Z,2020-08-27,light,14827B,All,R3-2,230,3,"0,114,116",4,2020-08-27T00:03:20.290004Z,0
2020-08-27T00:03:24.186001Z,2020-08-27,light,14827B,All,R2-6,349,4,"0,116,116,117",4,2020-08-27T00:03:24.535001Z,0
2020-08-27T00:03:30.691998Z,2020-08-27,light,14827B,All,R2-4,695,7,"0,115,116,116,116,116,116",4,2020-08-27T00:03:31.386998Z,0
2020-08-27T00:03:41.612Z,2020-08-27,light,14827B,All,R2-2,116,2,"0,116",4,2020-08-27T00:03:41.727999Z,0
2020-08-27T00:03:42.415001Z,2020-08-27,light,14827B,All,R2-1,345,4,"0,114,116,115",4,2020-08-27T00:03:42.760001Z,0
2020-08-27T00:03:44.372998Z,2020-08-27,light,14827B,All,R2-3,463,5,"0,116,116,114,117",4,2020-08-27T00:03:44.835998Z,0
2020-08-27T00:03:45.834998Z,2020-08-27,light,14827B,All,R2-7,1853,17,"0,116,117,115,115,115,116,116,116,115,118,115,115,116,115,116,117",4,2020-08-27T00:03:47.687998Z,0
2020-08-27T00:04:18.341002Z,2020-08-27,light,14827B,All,R2-9,463,5,"0,116,116,116,115",4,2020-08-27T00:04:18.804003Z,0
2020-08-27T00:04:33.060003Z,2020-08-27,light,14827B,All,R2-8,416,2,"0,416",4,2020-08-27T00:04:33.476003Z,0
2020-08-27T00:04:51.089998Z,2020-08-27,light,14827B,All,R2-8,810,8,"0,116,116,132,110,109,111,116",4,2020-08-27T00:04:51.899998Z,0
2020-08-27T00:05:03.484Z,2020-08-27,light,14827B,All,R2-8,578,6,"0,116,115,117,114,116",4,2020-08-27T00:05:04.062Z,0
2020-08-27T00:05:14.968997Z,2020-08-27,light,14827B,All,R2-9,462,5,"0,115,116,115,116",4,2020-08-27T00:05:15.430996Z,0
2020-08-27T00:05:17.359002Z,2020-08-27,light,14827B,All,R2-7,347,4,"0,117,115,115",4,2020-08-27T00:05:17.706002Z,0
2020-08-27T00:06:43.354003Z,2020-08-27,light,14827B,All,R2-7,216,2,"0,216",4,2020-08-27T00:06:43.570003Z,0
2020-08-27T00:06:50.158002Z,2020-08-27,light,14827B,All,R2-3,75,1,0,4,2020-08-27T00:06:50.233002Z,0
2020-08-27T00:06:52.800995Z,2020-08-27,light,14827B,All,R2-7,75,1,0,4,2020-08-27T00:06:52.875995Z,0
2020-08-27T00:06:53.852Z,2020-08-27,light,14827B,All,R2-5,548,4,"0,116,315,117",4,2020-08-27T00:06:54.400Z,0
2020-08-27T00:06:54.892999Z,2020-08-27,light,14827B,All,R2-6,75,1,0,4,2020-08-27T00:06:54.967999Z,0
2020-08-27T00:07:02.520002Z,2020-08-27,light,14827B,All,R2-8,347,4,"0,114,117,116",4,2020-08-27T00:07:02.867002Z,0
2020-08-27T00:07:06.575997Z,2020-08-27,light,14827B,All,R2-8,463,5,"0,117,115,117,114",4,2020-08-27T00:07:07.038997Z,0
2020-08-27T00:07:10.682996Z,2020-08-27,light,14827B,All,R2-4,694,7,"0,116,115,116,117,114,116",4,2020-08-27T00:07:11.376996Z,0
2020-08-27T00:07:24.887Z,2020-08-27,light,14827B,All,R2-4,331,3,"0,216,115",4,2020-08-27T00:07:25.218Z,0
2020-08-27T00:07:27.134999Z,2020-08-27,light,14827B,All,R2-4,75,1,0,4,2020-08-27T00:07:27.209999Z,0
2020-08-27T00:07:34.450004Z,2020-08-27,light,14827B,All,R2-4,678,6,"0,216,115,116,116,115",4,2020-08-27T00:07:35.128004Z,0
2020-08-27T00:07:39.210998Z,2020-08-27,light,14827B,All,R2-6,1042,10,"0,116,116,116,115,116,117,115,116,115",4,2020-08-27T00:07:40.252998Z,0
2020-08-27T00:07:47.271003Z,2020-08-27,light,14827B,All,R3-2,579,6,"0,116,164,67,117,115",4,2020-08-27T00:07:47.850003Z,0
2020-08-27T00:09:14.563999Z,2020-08-27,light,14827B,All,R3-4,332,3,"0,215,117",4,2020-08-27T00:09:14.895999Z,0
2020-08-27T00:09:34.772Z,2020-08-27,light,14827B,All,R3-4,694,7,"0,115,116,117,114,117,115",4,2020-08-27T00:09:35.466Z,0
2020-08-27T00:09:37.797001Z,2020-08-27,light,14827B,All,R3-4,75,1,0,4,2020-08-27T00:09:37.872001Z,0
2020-08-27T00:09:43.421996Z,2020-08-27,light,14827B,All,R3-8,2053,17,"0,315,117,115,115,117,115,116,116,115,115,118,116,114,116,115,118",4,2020-08-27T00:09:45.474996Z,0
2020-08-27T00:09:48.294999Z,2020-08-27,light,14827B,All,R3-9,1737,16,"0,118,115,116,115,116,116,115,134,98,116,116,116,115,117,114",4,2020-08-27T00:09:50.031999Z,0
2020-08-27T00:09:55.617002Z,2020-08-27,light,14827B,All,R3-7,694,7,"0,114,117,115,117,115,116",4,2020-08-27T00:09:56.311002Z,0
2020-08-27T00:09:58.166001Z,2020-08-27,light,14827B,All,R3-3,347,4,"0,115,116,116",4,2020-08-27T00:09:58.513001Z,0
2020-08-27T00:10:11.297997Z,2020-08-27,light,14827B,All,R3-1,117,2,"0,117",4,2020-08-27T00:10:11.414998Z,0
2020-08-27T00:10:13.889997Z,2020-08-27,light,14827B,All,R3-2,647,4,"0,116,117,414",4,2020-08-27T00:10:14.536997Z,0
2020-08-27T00:10:16.252Z,2020-08-27,light,14827B,All,R3-2,75,1,0,4,2020-08-27T00:10:16.327Z,0
2020-08-27T00:10:16.704002Z,2020-08-27,light,14827B,All,R3-1,116,2,"0,116",4,2020-08-27T00:10:16.820002Z,0
2020-08-27T00:10:25.927997Z,2020-08-27,light,14827B,All,R3-3,1142,10,"0,216,116,115,116,116,115,115,117,116",4,2020-08-27T00:10:27.069997Z,0
2020-08-27T00:10:28.581004Z,2020-08-27,light,14827B,All,R3-7,463,5,"0,116,117,116,114",4,2020-08-27T00:10:29.044004Z,0
2020-08-27T00:10:34.355003Z,2020-08-27,light,14827B,All,R3-7,231,3,"0,116,115",4,2020-08-27T00:10:34.586003Z,0
2020-08-27T00:11:23.178002Z,2020-08-27,light,14827B,All,R3-7,463,5,"0,116,116,117,114",4,2020-08-27T00:11:23.641002Z,0
2020-08-27T00:11:25.879998Z,2020-08-27,light,14827B,All,R3-9,463,5,"0,116,116,115,116",4,2020-08-27T00:11:26.342998Z,0
2020-08-27T00:12:34.180002Z,2020-08-27,light,14827B,All,R3-8,75,1,0,4,2020-08-27T00:12:34.255002Z,0
2020-08-27T00:13:14.388004Z,2020-08-27,light,14827B,All,R3-8,2185,19,"0,216,116,116,115,117,115,119,113,116,116,116,114,117,116,115,116,115,117",4,2020-08-27T00:13:16.573004Z,0
2020-08-27T00:13:49.919001Z,2020-08-27,light,14827B,All,R3-6,677,6,"0,215,116,117,115,114",4,2020-08-27T00:13:50.596001Z,0
2020-08-27T00:13:51.712Z,2020-08-27,light,14827B,All,R3-6,332,3,"0,217,115",4,2020-08-27T00:13:52.044Z,0
2020-08-27T00:13:55.860004Z,2020-08-27,light,14827B,All,R3-6,216,2,"0,216",4,2020-08-27T00:13:56.076004Z,0
2020-08-27T00:13:58.090999Z,2020-08-27,light,14827B,All,R3-6,216,2,"0,216",4,2020-08-27T00:13:58.306999Z,0
2020-08-27T00:14:04.711001Z,2020-08-27,light,14827B,All,R3-6,448,4,"0,217,116,115",4,2020-08-27T00:14:05.159001Z,0
2020-08-27T00:14:10.178998Z,2020-08-27,light,14827B,All,R3-6,795,7,"0,116,115,117,115,117,215",4,2020-08-27T00:14:10.973998Z,0
2020-08-27T00:14:13.988996Z,2020-08-27,light,14827B,All,R3-6,217,2,"0,217",4,2020-08-27T00:14:14.205996Z,0
2020-08-27T00:14:18.621997Z,2020-08-27,light,14827B,All,R3-6,75,1,0,4,2020-08-27T00:14:18.696997Z,0
2020-08-27T00:14:21.710002Z,2020-08-27,light,14827B,All,R3-6,11544,99,"0,215,117,116,115,116,116,116,116,116,132,98,115,117,115,116,115,116,118,115,116,116,116,114,116,116,115,117,116,114,116,116,118,114,115,116,116,117,116,215,116,115,116,115,116,116,116,117,114,117,116,115,115,116,116,116,116,116,115,116,115,116,116,116,116,116,115,116,115,116,115,116,118,115,115,116,116,116,115,138,93,117,115,116,115,117,115,117,114,117,116,115,116,117,114,116,116,116,115",4,2020-08-27T00:14:33.254002Z,0
2020-08-27T00:14:34.866001Z,2020-08-27,light,14827B,All,R3-6,331,3,"0,214,117",4,2020-08-27T00:14:35.197001Z,0
2020-08-27T00:14:35.858996Z,2020-08-27,light,14827B,All,R3-6,2531,22,"0,216,116,115,117,115,117,115,115,117,136,94,116,117,115,116,116,115,116,116,116,115",4,2020-08-27T00:14:38.389996Z,0
2020-08-27T00:14:40.583996Z,2020-08-27,light,14827B,All,R3-6,1622,15,"0,118,114,116,116,116,116,116,116,162,68,115,116,117,116",4,2020-08-27T00:14:42.205996Z,0
2020-08-27T00:14:43.221995Z,2020-08-27,light,14827B,All,R3-6,8193,45,"0,216,114,116,116,116,116,115,117,414,517,115,116,317,116,116,115,115,116,315,115,418,115,317,115,116,116,314,117,114,118,715,115,116,116,116,117,114,617,215,116,116,115,115,117",4,2020-08-27T00:14:51.414995Z,0
2020-08-27T00:14:54.561002Z,2020-08-27,light,14827B,All,R3-6,8226,66,"0,217,115,715,117,115,115,117,117,114,116,114,117,116,115,116,118,115,115,117,114,116,117,115,116,116,115,115,118,116,114,117,115,115,115,116,117,117,114,116,116,116,114,117,116,115,118,115,114,117,116,116,115,115,117,115,116,116,115,116,116,115,117,115,117,116",4,2020-08-27T00:15:02.787002Z,0
2020-08-27T00:15:26.499998Z,2020-08-27,light,14827B,All,R3-6,75,1,0,4,2020-08-27T00:15:26.574998Z,0
2020-08-27T00:15:36.609999Z,2020-08-27,light,14827B,All,R3-6,11064,94,"0,115,115,116,116,116,117,116,115,116,116,115,115,118,214,115,116,117,116,115,215,117,115,115,116,115,117,116,115,117,115,117,114,117,115,117,115,115,117,115,117,114,116,116,117,115,116,116,115,116,116,115,216,116,116,115,115,117,115,116,117,115,117,115,115,116,116,116,115,116,116,116,115,115,117,115,116,115,117,116,116,115,116,115,116,116,117,114,116,116,115,116,116,115",4,2020-08-27T00:15:47.673999Z,0
2020-08-27T00:21:10.078004Z,2020-08-27,light,14827B,All,R3-7,811,8,"0,117,116,115,116,114,118,115",4,2020-08-27T00:21:10.889004Z,0
2020-08-27T00:21:17.753996Z,2020-08-27,light,14827B,All,R3-9,1156,11,"0,115,115,117,115,115,117,115,116,116,115",4,2020-08-27T00:21:18.909996Z,0
2020-08-27T00:21:34.436998Z,2020-08-27,light,14827B,All,R3-9,925,9,"0,115,116,115,116,116,116,115,116",4,2020-08-27T00:21:35.361998Z,0
2020-08-27T00:21:37.840Z,2020-08-27,light,14827B,All,R3-7,578,6,"0,115,117,115,117,114",4,2020-08-27T00:21:38.418Z,0
2020-08-27T00:21:39.858002Z,2020-08-27,light,14827B,All,R3-3,1158,11,"0,116,115,115,116,116,117,114,117,115,117",4,2020-08-27T00:21:41.016002Z,0
2020-08-27T00:21:48.387998Z,2020-08-27,light,14827B,All,R3-3,464,5,"0,117,116,115,116",4,2020-08-27T00:21:48.851998Z,0
2020-08-27T00:21:50.154998Z,2020-08-27,light,14827B,All,R3-7,215,2,"0,215",4,2020-08-27T00:21:50.369998Z,0
2020-08-27T00:21:50.867997Z,2020-08-27,light,14827B,All,R3-3,577,6,"0,116,115,116,115,115",4,2020-08-27T00:21:51.444997Z,0
2020-08-27T00:22:03.456002Z,2020-08-27,light,14827B,All,R3-1,811,8,"0,137,95,115,116,116,116,116",4,2020-08-27T00:22:04.267002Z,0
2020-08-27T00:22:07.185Z,2020-08-27,light,14827B,All,R3-2,1272,12,"0,115,117,115,115,116,116,116,115,117,115,115",4,2020-08-27T00:22:08.457Z,0
2020-08-27T00:22:15.761997Z,2020-08-27,light,14827B,All,R3-2,217,2,"0,217",4,2020-08-27T00:22:15.978997Z,0
2020-08-27T00:22:16.544997Z,2020-08-27,light,14827B,All,R3-1,232,3,"0,115,117",4,2020-08-27T00:22:16.776997Z,0
2020-08-27T00:22:23.579996Z,2020-08-27,light,14827B,All,R3-3,464,5,"0,117,116,116,115",4,2020-08-27T00:22:24.043996Z,0
2020-08-27T00:22:24.636997Z,2020-08-27,light,14827B,All,R3-7,348,4,"0,116,115,117",4,2020-08-27T00:22:24.984997Z,0
2020-08-27T00:22:26.429002Z,2020-08-27,light,14827B,All,R3-9,346,4,"0,115,116,115",4,2020-08-27T00:22:26.775002Z,0
2020-08-27T00:22:44.485003Z,2020-08-27,light,14827B,All,R3-9,231,3,"0,115,116",4,2020-08-27T00:22:44.716003Z,0
2020-08-27T00:22:56.072997Z,2020-08-27,light,14827B,All,R3-7,347,4,"0,114,117,116",4,2020-08-27T00:22:56.419997Z,0
2020-08-27T00:23:12.434003Z,2020-08-27,light,14827B,All,R3-7,927,9,"0,116,116,115,116,116,116,115,117",4,2020-08-27T00:23:13.361003Z,0
2020-08-27T00:23:15.724996Z,2020-08-27,light,14827B,All,R3-9,2200,20,"0,116,117,114,116,128,104,115,118,115,116,114,117,116,115,116,116,116,115,116",4,2020-08-27T00:23:17.924996Z,0
2020-08-27T00:23:23.649Z,2020-08-27,light,14827B,All,R3-8,1158,11,"0,117,115,116,116,115,116,115,116,115,117",4,2020-08-27T00:23:24.807Z,0
2020-08-27T00:23:28.699996Z,2020-08-27,light,14827B,All,R3-4,3000,20,"0,917,114,117,115,115,117,116,114,117,115,117,116,114,116,117,115,116,116,116",4,2020-08-27T00:23:31.699996Z,0
2020-08-27T00:23:37.842999Z,2020-08-27,light,14827B,All,R3-4,215,2,"0,215",4,2020-08-27T00:23:38.057998Z,0
2020-08-27T00:25:35.326004Z,2020-08-27,light,14827B,All,R3-2,75,1,0,4,2020-08-27T00:25:35.401004Z,0
2020-08-27T00:25:40.340997Z,2020-08-27,light,14827B,All,R3-2,347,4,"0,116,115,116",4,2020-08-27T00:25:40.687997Z,0
2020-08-27T00:25:41.864998Z,2020-08-27,light,14827B,All,R3-1,773,8,"0,78,116,116,116,116,115,116",4,2020-08-27T00:25:42.637998Z,0
2020-08-27T00:26:16.832003Z,2020-08-27,light,14827B,All,R3-1,232,3,"0,115,117",4,2020-08-27T00:26:17.064003Z,0
2020-08-27T00:26:17.534996Z,2020-08-27,light,14827B,All,R3-2,463,5,"0,116,116,115,116",4,2020-08-27T00:26:17.997996Z,0
2020-08-27T00:26:29.607003Z,2020-08-27,light,14827B,All,R3-4,1258,11,"0,215,116,116,117,114,116,117,115,116,116",4,2020-08-27T00:26:30.865003Z,0
2020-08-27T00:26:59.524998Z,2020-08-27,light,14827B,All,R3-4,231,3,"0,116,115",4,2020-08-27T00:26:59.755998Z,0
2020-08-27T00:27:02.764998Z,2020-08-27,light,14827B,All,R3-4,796,8,"0,102,115,117,115,116,115,116",4,2020-08-27T00:27:03.560998Z,0
2020-08-27T00:33:31.446Z,2020-08-27,light,14827B,All,R3-4,580,6,"0,118,115,115,115,117",4,2020-08-27T00:33:32.026Z,0
2020-08-27T00:33:33.043Z,2020-08-27,light,14827B,All,R3-6,1969,18,"0,116,115,116,116,116,115,116,115,117,116,116,115,116,115,117,115,117",4,2020-08-27T00:33:35.012Z,0
2020-08-27T00:33:39.339997Z,2020-08-27,light,14827B,All,R3-3,1274,12,"0,117,115,115,116,115,116,117,114,116,117,116",4,2020-08-27T00:33:40.613997Z,0
2020-08-27T00:33:52.504004Z,2020-08-27,light,14827B,All,R3-1,348,4,"0,115,116,117",4,2020-08-27T00:33:52.852004Z,0
2020-08-27T00:33:57.965002Z,2020-08-27,light,14827B,All,R2-6,1389,13,"0,115,116,116,116,117,115,116,116,115,116,114,117",4,2020-08-27T00:33:59.354002Z,0
2020-08-27T00:34:01.676997Z,2020-08-27,light,14827B,All,R2-4,695,7,"0,114,117,117,116,115,116",4,2020-08-27T00:34:02.371997Z,0
2020-08-27T00:34:19.091003Z,2020-08-27,light,14827B,All,R2-2,348,4,"0,116,116,116",4,2020-08-27T00:34:19.439003Z,0
2020-08-27T00:34:21.745998Z,2020-08-27,light,14827B,All,R2-1,695,7,"0,117,116,115,115,115,117",4,2020-08-27T00:34:22.440998Z,0
2020-08-27T00:34:42.356001Z,2020-08-27,light,14827B,All,R2-1,348,4,"0,115,117,116",4,2020-08-27T00:34:42.704001Z,0
2020-08-27T00:34:45.053996Z,2020-08-27,light,14827B,All,R2-2,579,6,"0,114,118,114,116,117",4,2020-08-27T00:34:45.632996Z,0
2020-08-27T00:34:48.247004Z,2020-08-27,light,14827B,All,R2-2,349,4,"0,117,115,117",4,2020-08-27T00:34:48.596004Z,0
2020-08-27T00:35:05.331998Z,2020-08-27,light,14827B,All,R1-6,3591,32,"0,117,115,116,116,116,116,116,116,115,117,114,117,115,117,115,116,115,115,116,117,115,116,116,116,115,115,116,116,116,116,117",4,2020-08-27T00:35:08.922998Z,0
2020-08-27T00:35:12.158998Z,2020-08-27,light,14827B,All,R1-4,1041,10,"0,115,116,115,116,115,117,115,117,115",4,2020-08-27T00:35:13.199997Z,0
2020-08-27T00:35:27.126001Z,2020-08-27,light,14827B,All,R1-2,463,5,"0,116,114,116,117",4,2020-08-27T00:35:27.589001Z,0
2020-08-27T00:35:33.144997Z,2020-08-27,light,14827B,All,R1-3,462,5,"0,114,115,118,115",4,2020-08-27T00:35:33.606997Z,0
2020-08-27T00:35:36.516998Z,2020-08-27,light,14827B,All,R1-7,2152,17,"0,215,318,115,116,115,117,115,115,116,116,116,116,114,117,117,114",4,2020-08-27T00:35:38.668998Z,0
2020-08-27T00:35:49.846997Z,2020-08-27,light,14827B,All,R1-7,1158,11,"0,117,116,115,117,115,115,116,116,116,115",4,2020-08-27T00:35:51.004997Z,0
2020-08-27T00:35:53.731999Z,2020-08-27,light,14827B,All,R1-3,347,4,"0,115,117,115",4,2020-08-27T00:35:54.078999Z,0
2020-08-27T00:35:59.651005Z,2020-08-27,light,14827B,All,R1-2,1157,11,"0,115,115,116,116,116,117,115,114,117,116",4,2020-08-27T00:36:00.808005Z,0
2020-08-27T00:36:12.306998Z,2020-08-27,light,14827B,All,R1-2,75,1,0,4,2020-08-27T00:36:12.381998Z,0
2020-08-27T00:36:39.272999Z,2020-08-27,light,14827B,All,R1-2,794,7,"0,216,116,115,117,115,115",4,2020-08-27T00:36:40.066999Z,0
2020-08-27T00:36:48.783004Z,2020-08-27,light,14827B,All,R1-2,1388,13,"0,116,116,116,116,115,115,117,115,115,116,116,115",4,2020-08-27T00:36:50.171004Z,0
2020-08-27T00:38:21.104998Z,2020-08-27,light,14827B,All,R1-4,215,2,"0,215",4,2020-08-27T00:38:21.319998Z,0
2020-08-27T00:39:10.440997Z,2020-08-27,light,14827B,All,R1-4,579,6,"0,116,115,139,93,116",4,2020-08-27T00:39:11.019997Z,0
2020-08-27T00:39:13.523999Z,2020-08-27,light,14827B,All,R1-8,1158,11,"0,115,116,116,115,116,116,116,117,114,117",4,2020-08-27T00:39:14.681999Z,0
2020-08-27T00:39:18.868997Z,2020-08-27,light,14827B,All,R1-9,811,8,"0,117,114,117,116,115,116,116",4,2020-08-27T00:39:19.679997Z,0
2020-08-27T00:39:31.222002Z,2020-08-27,light,14827B,All,R1-7,694,7,"0,114,118,114,116,116,116",4,2020-08-27T00:39:31.916002Z,0
2020-08-27T00:39:36.087998Z,2020-08-27,light,14827B,All,R1-3,2085,19,"0,115,117,116,116,116,114,116,116,116,116,115,116,115,117,116,117,114,117",4,2020-08-27T00:39:38.172998Z,0
2020-08-27T00:39:40.656001Z,2020-08-27,light,14827B,All,R1-2,463,5,"0,116,116,115,116",4,2020-08-27T00:39:41.119001Z,0
2020-08-27T00:39:43.519997Z,2020-08-27,light,14827B,All,R1-2,347,4,"0,115,117,115",4,2020-08-27T00:39:43.866997Z,0
2020-08-27T00:39:50.797003Z,2020-08-27,light,14827B,All,R1-3,679,6,"0,216,117,116,114,116",4,2020-08-27T00:39:51.476003Z,0
2020-08-27T00:39:57.667004Z,2020-08-27,light,14827B,All,R1-5,3078,25,"0,114,116,116,116,115,117,117,114,116,116,115,117,116,115,117,114,116,116,116,116,414,117,116,116",4,2020-08-27T00:40:00.745004Z,0
2020-08-27T00:40:02.770004Z,2020-08-27,light,14827B,All,R1-3,217,2,"0,217",4,2020-08-27T00:40:02.987004Z,0
2020-08-27T00:40:04.988004Z,2020-08-27,light,14827B,All,R1-7,695,7,"0,116,115,115,117,115,117",4,2020-08-27T00:40:05.683004Z,0
2020-08-27T00:40:07.807002Z,2020-08-27,light,14827B,All,R1-9,812,8,"0,116,117,115,116,116,116,116",4,2020-08-27T00:40:08.619002Z,0
2020-08-27T00:40:11.534005Z,2020-08-27,light,14827B,All,R1-9,231,3,"0,115,116",4,2020-08-27T00:40:11.765005Z,0
2020-08-27T00:40:13.879997Z,2020-08-27,light,14827B,All,R1-9,1505,14,"0,117,116,115,115,124,107,118,115,116,116,115,116,115",4,2020-08-27T00:40:15.384997Z,0
2020-08-27T00:40:20.107001Z,2020-08-27,light,14827B,All,R1-8,232,3,"0,117,115",4,2020-08-27T00:40:20.339001Z,0
2020-08-27T00:40:22.550998Z,2020-08-27,light,14827B,All,R1-4,926,9,"0,116,116,116,115,116,117,114,116",4,2020-08-27T00:40:23.476998Z,0
2020-08-27T00:40:26.514002Z,2020-08-27,light,14827B,All,R1-2,348,4,"0,118,115,115",4,2020-08-27T00:40:26.862002Z,0
2020-08-27T00:40:28.126001Z,2020-08-27,light,14827B,All,R1-3,811,8,"0,117,116,116,115,117,115,115",4,2020-08-27T00:40:28.937001Z,0
2020-08-27T00:40:33.353003Z,2020-08-27,light,14827B,All,R1-5,578,6,"0,115,115,117,116,115",4,2020-08-27T00:40:33.931003Z,0
2020-08-27T00:40:36.585001Z,2020-08-27,light,14827B,All,R1-3,115,2,"0,115",4,2020-08-27T00:40:36.700001Z,0
2020-08-27T00:40:38.507998Z,2020-08-27,light,14827B,All,R1-2,464,5,"0,117,115,116,116",4,2020-08-27T00:40:38.971998Z,0
2020-08-27T00:40:41.187997Z,2020-08-27,light,14827B,All,R1-4,232,3,"0,115,117",4,2020-08-27T00:40:41.419997Z,0
2020-08-27T00:40:41.731997Z,2020-08-27,light,14827B,All,R1-8,227,3,"0,111,116",4,2020-08-27T00:40:41.958997Z,0
2020-08-27T00:40:42.310003Z,2020-08-27,light,14827B,All,R1-9,431,3,"0,316,115",4,2020-08-27T00:40:42.741003Z,0
2020-08-27T00:40:44.956004Z,2020-08-27,light,14827B,All,R1-9,448,4,"0,217,115,116",4,2020-08-27T00:40:45.404004Z,0
2020-08-27T00:40:51.574002Z,2020-08-27,light,14827B,All,R1-8,232,3,"0,115,117",4,2020-08-27T00:40:51.806002Z,0
2020-08-27T00:41:06.460999Z,2020-08-27,light,14827B,All,R1-6,1157,11,"0,115,115,117,114,117,116,116,116,114,117",4,2020-08-27T00:41:07.617999Z,0
2020-08-27T00:41:17.321003Z,2020-08-27,light,14827B,All,R1-8,926,9,"0,116,114,116,116,117,116,114,117",4,2020-08-27T00:41:18.247004Z,0
2020-08-27T00:41:44.602997Z,2020-08-27,light,14827B,All,R1-8,462,5,"0,116,116,114,116",4,2020-08-27T00:41:45.064997Z,0
2020-08-27T00:41:45.717003Z,2020-08-27,light,14827B,All,R1-9,230,3,"0,114,116",4,2020-08-27T00:41:45.947003Z,0
2020-08-27T00:41:47.781004Z,2020-08-27,light,14827B,All,R1-7,116,2,"0,116",4,2020-08-27T00:41:47.897004Z,0
2020-08-27T00:41:50.330002Z,2020-08-27,light,14827B,All,R1-5,694,7,"0,114,117,116,115,115,117",4,2020-08-27T00:41:51.024002Z,0
2020-08-27T00:42:01.844997Z,2020-08-27,light,14827B,All,R1-6,1373,12,"0,115,216,115,116,117,116,115,117,114,117,115",4,2020-08-27T00:42:03.217997Z,0
2020-08-27T00:42:06.942002Z,2020-08-27,light,14827B,All,R1-4,4284,38,"0,116,116,116,115,117,116,115,115,117,116,114,117,116,114,116,118,115,116,115,117,115,115,116,115,116,117,116,115,116,116,115,116,117,115,116,115,116",4,2020-08-27T00:42:11.226002Z,0
2020-08-27T00:42:13.589996Z,2020-08-27,light,14827B,All,R1-2,970,3,"0,215,755",4,2020-08-27T00:42:14.559996Z,0
2020-08-27T00:42:16.914998Z,2020-08-27,light,14827B,All,R1-2,2432,22,"0,117,116,116,115,116,116,115,116,117,116,114,116,116,115,116,116,116,115,117,114,117",4,2020-08-27T00:42:19.346998Z,0
2020-08-27T00:42:24.019004Z,2020-08-27,light,14827B,All,R1-4,810,8,"0,115,117,114,118,114,116,116",4,2020-08-27T00:42:24.829004Z,0
2020-08-27T00:42:27.621996Z,2020-08-27,light,14827B,All,R1-6,1273,12,"0,116,117,114,117,115,116,116,115,116,117,114",4,2020-08-27T00:42:28.894996Z,0
2020-08-27T00:42:44.912002Z,2020-08-27,light,14827B,All,R1-6,4472,31,"0,215,716,116,115,116,116,115,117,115,315,216,115,117,117,115,116,116,115,115,116,117,114,116,116,117,116,115,115,115,117",4,2020-08-27T00:42:49.384002Z,0
2020-08-27T00:42:57.191999Z,2020-08-27,light,14827B,All,R1-8,580,6,"0,117,116,116,115,116",4,2020-08-27T00:42:57.771999Z,0
2020-08-27T00:43:01.066996Z,2020-08-27,light,14827B,All,R1-8,4050,36,"0,116,114,117,115,116,117,114,116,115,116,117,115,117,115,117,115,116,117,113,117,115,117,115,115,117,115,115,117,115,115,117,116,116,115,115",4,2020-08-27T00:43:05.116996Z,0
2020-08-27T00:43:08.576002Z,2020-08-27,light,14827B,All,R1-8,447,4,"0,216,115,116",4,2020-08-27T00:43:09.023002Z,0
2020-08-27T00:43:16.538004Z,2020-08-27,light,14827B,All,R1-8,1375,12,"0,216,116,116,115,116,116,116,115,115,117,117",4,2020-08-27T00:43:17.913004Z,0
2020-08-27T00:44:18.970998Z,2020-08-27,light,14827B,All,R1-8,578,6,"0,116,115,117,115,115",4,2020-08-27T00:44:19.548998Z,0
2020-08-27T00:44:21.537001Z,2020-08-27,light,14827B,All,R1-4,1610,8,"0,516,116,114,115,116,117,516",4,2020-08-27T00:44:23.147001Z,0
2020-08-27T00:44:25.356002Z,2020-08-27,light,14827B,All,R1-4,349,4,"0,118,115,116",4,2020-08-27T00:44:25.705002Z,0
2020-08-27T00:44:27.370003Z,2020-08-27,light,14827B,All,R1-2,233,3,"0,116,117",4,2020-08-27T00:44:27.603003Z,0
2020-08-27T00:44:28.912002Z,2020-08-27,light,14827B,All,R1-3,232,3,"0,116,116",4,2020-08-27T00:44:29.144002Z,0
2020-08-27T00:44:30.381001Z,2020-08-27,light,14827B,All,R1-7,577,6,"0,114,116,116,116,115",4,2020-08-27T00:44:30.958Z,0
2020-08-27T00:44:34.730998Z,2020-08-27,light,14827B,All,R1-9,349,4,"0,116,116,117",4,2020-08-27T00:44:35.079998Z,0
2020-08-27T00:44:51.108999Z,2020-08-27,light,14827B,All,R1-9,911,8,"0,216,116,116,116,115,116,116",4,2020-08-27T00:44:52.019999Z,0
2020-08-27T00:44:53.695003Z,2020-08-27,light,14827B,All,R1-7,463,5,"0,116,115,116,116",4,2020-08-27T00:44:54.158003Z,0
2020-08-27T00:44:57.733003Z,2020-08-27,light,14827B,All,R1-5,231,3,"0,116,115",4,2020-08-27T00:44:57.964003Z,0
2020-08-27T00:45:04.927997Z,2020-08-27,light,14827B,All,R1-6,928,9,"0,115,117,116,114,117,115,116,118",4,2020-08-27T00:45:05.855997Z,0
2020-08-27T00:45:07.647999Z,2020-08-27,light,14827B,All,R1-4,810,8,"0,116,117,115,116,116,114,116",4,2020-08-27T00:45:08.457999Z,0
2020-08-27T00:45:09.070998Z,2020-08-27,light,14827B,All,R1-6,925,9,"0,116,115,116,115,116,115,116,116",4,2020-08-27T00:45:09.995998Z,0
2020-08-27T00:45:12.448003Z,2020-08-27,light,14827B,All,R1-6,348,4,"0,116,116,116",4,2020-08-27T00:45:12.796003Z,0
2020-08-27T00:45:15.726Z,2020-08-27,light,14827B,All,R1-5,349,4,"0,117,116,116",4,2020-08-27T00:45:16.075Z,0
2020-08-27T00:45:18.021001Z,2020-08-27,light,14827B,All,R1-5,469,5,"0,117,115,115,122",4,2020-08-27T00:45:18.490001Z,0
2020-08-27T00:45:19.485999Z,2020-08-27,light,14827B,All,R1-6,1156,11,"0,114,116,117,114,115,118,114,118,114,116",4,2020-08-27T00:45:20.641999Z,0
2020-08-27T00:45:24.089002Z,2020-08-27,light,14827B,All,R1-4,963,5,"0,615,117,115,116",4,2020-08-27T00:45:25.052002Z,0
2020-08-27T00:45:29.724002Z,2020-08-27,light,14827B,All,R1-2,463,5,"0,115,117,115,116",4,2020-08-27T00:45:30.187002Z,0
2020-08-27T00:45:32.876997Z,2020-08-27,light,14827B,All,R1-3,349,4,"0,115,116,118",4,2020-08-27T00:45:33.225997Z,0
2020-08-27T00:45:36.983001Z,2020-08-27,light,14827B,All,R1-5,695,7,"0,115,117,116,115,115,117",4,2020-08-27T00:45:37.678001Z,0
2020-08-27T00:45:39.145999Z,2020-08-27,light,14827B,All,R1-6,1773,12,"0,115,117,115,316,117,114,116,417,116,115,115",4,2020-08-27T00:45:40.918999Z,0
2020-08-27T00:45:50.197Z,2020-08-27,light,14827B,All,R1-8,1257,11,"0,215,116,115,117,116,115,117,114,118,114",4,2020-08-27T00:45:51.454Z,0
2020-08-27T00:45:54.996002Z,2020-08-27,light,14827B,All,R1-9,346,4,"0,116,116,114",4,2020-08-27T00:45:55.342002Z,0
2020-08-27T00:46:08.427997Z,2020-08-27,light,14827B,All,R1-7,1157,11,"0,115,115,117,114,117,115,117,115,117,115",4,2020-08-27T00:46:09.584997Z,0
2020-08-27T00:46:36.526996Z,2020-08-27,light,14827B,All,R1-3,926,9,"0,116,116,115,116,117,115,116,115",4,2020-08-27T00:46:37.452996Z,0
2020-08-27T00:46:44.276998Z,2020-08-27,light,14827B,All,R1-2,696,7,"0,117,116,114,116,117,116",4,2020-08-27T00:46:44.972998Z,0
2020-08-27T00:46:51.218996Z,2020-08-27,light,14827B,All,R1-2,680,6,"0,216,116,115,116,117",4,2020-08-27T00:46:51.898996Z,0
2020-08-27T00:46:58.621998Z,2020-08-27,light,14827B,All,R1-3,114,2,"0,114",4,2020-08-27T00:46:58.735998Z,0
2020-08-27T00:47:00.016003Z,2020-08-27,light,14827B,All,R1-5,75,1,0,4,2020-08-27T00:47:00.091003Z,0
2020-08-27T00:47:00.580005Z,2020-08-27,light,14827B,All,R1-6,115,2,"0,115",4,2020-08-27T00:47:00.695005Z,0
2020-08-27T00:47:03.067002Z,2020-08-27,light,14827B,All,R1-8,347,4,"0,116,114,117",4,2020-08-27T00:47:03.414002Z,0
2020-08-27T00:47:09.837998Z,2020-08-27,light,14827B,All,R1-9,75,1,0,4,2020-08-27T00:47:09.912998Z,0
2020-08-27T00:47:12.401002Z,2020-08-27,light,14827B,All,R1-9,232,3,"0,117,115",4,2020-08-27T00:47:12.633002Z,0
2020-08-27T00:47:14.717999Z,2020-08-27,light,14827B,All,R1-7,347,4,"0,115,116,116",4,2020-08-27T00:47:15.064999Z,0
2020-08-27T00:47:15.777004Z,2020-08-27,light,14827B,All,R1-3,463,5,"0,116,116,115,116",4,2020-08-27T00:47:16.240004Z,0
2020-08-27T00:47:55.259997Z,2020-08-27,light,14827B,All,R1-2,1621,15,"0,117,114,117,116,115,116,126,105,117,116,116,114,117,115",4,2020-08-27T00:47:56.880997Z,0
2020-08-27T00:48:55.877995Z,2020-08-27,light,14827B,All,R1-2,331,3,"0,217,114",4,2020-08-27T00:48:56.208996Z,0
2020-08-27T00:50:42.485003Z,2020-08-27,light,14827B,All,R1-4,809,8,"0,114,117,116,115,116,116,115",4,2020-08-27T00:50:43.294003Z,0
2020-08-27T00:50:45.883997Z,2020-08-27,light,14827B,All,R1-6,232,3,"0,116,116",4,2020-08-27T00:50:46.115997Z,0
2020-08-27T00:50:52.224997Z,2020-08-27,light,14827B,All,R2-1,1041,10,"0,115,116,116,116,115,117,116,114,116",4,2020-08-27T00:50:53.265996Z,0
2020-08-27T00:50:56.911999Z,2020-08-27,light,14827B,All,R2-1,212,3,"0,96,116",4,2020-08-27T00:50:57.123999Z,0
2020-08-27T00:50:57.809003Z,2020-08-27,light,14827B,All,R2-2,579,6,"0,116,116,115,154,78",4,2020-08-27T00:50:58.388003Z,0
2020-08-27T00:51:18.130999Z,2020-08-27,light,14827B,All,R2-4,463,5,"0,116,115,117,115",4,2020-08-27T00:51:18.593999Z,0
2020-08-27T00:51:24.773Z,2020-08-27,light,14827B,All,R2-4,75,1,0,4,2020-08-27T00:51:24.848Z,0
2020-08-27T00:51:29.044996Z,2020-08-27,light,14827B,All,R2-8,580,6,"0,115,117,116,117,115",4,2020-08-27T00:51:29.624996Z,0
2020-08-27T00:51:33.380998Z,2020-08-27,light,14827B,All,R2-9,578,6,"0,116,114,118,115,115",4,2020-08-27T00:51:33.958998Z,0
2020-08-27T00:51:45.958997Z,2020-08-27,light,14827B,All,R2-7,694,7,"0,116,117,115,116,116,114",4,2020-08-27T00:51:46.652997Z,0
2020-08-27T00:51:50.182004Z,2020-08-27,light,14827B,All,R2-3,1158,11,"0,117,134,96,117,116,114,118,114,116,116",4,2020-08-27T00:51:51.340004Z,0
2020-08-27T00:52:09.977999Z,2020-08-27,light,14827B,All,R2-1,231,3,"0,116,115",4,2020-08-27T00:52:10.208999Z,0
2020-08-27T00:52:23.064004Z,2020-08-27,light,14827B,All,R1-6,1952,17,"0,114,116,116,116,116,116,115,117,115,116,114,116,216,116,116,117",4,2020-08-27T00:52:25.016004Z,0
2020-08-27T00:52:26.389998Z,2020-08-27,light,14827B,All,R1-4,1258,11,"0,216,116,116,117,115,116,115,116,116,115",4,2020-08-27T00:52:27.647998Z,0
2020-08-27T00:57:53.830998Z,2020-08-27,light,14827B,All,R1-4,2316,21,"0,116,115,116,118,115,116,116,115,116,116,115,116,115,115,116,127,105,116,116,116",4,2020-08-27T00:57:56.146998Z,0
2020-08-27T00:58:09.520004Z,2020-08-27,light,14827B,All,R1-8,463,5,"0,115,117,115,116",4,2020-08-27T00:58:09.983004Z,0
2020-08-27T00:58:11.108001Z,2020-08-27,light,14827B,All,R1-9,563,5,"0,214,116,116,117",4,2020-08-27T00:58:11.671001Z,0
2020-08-27T00:58:43.972003Z,2020-08-27,light,14827B,All,R1-7,694,7,"0,117,115,117,114,116,115",4,2020-08-27T00:58:44.666003Z,0
2020-08-27T00:58:54.544995Z,2020-08-27,light,14827B,All,R1-3,925,9,"0,153,78,116,116,116,115,116,115",4,2020-08-27T00:58:55.469995Z,0
2020-08-27T00:59:09.475996Z,2020-08-27,light,14827B,All,R1-2,580,6,"0,116,115,116,115,118",4,2020-08-27T00:59:10.055995Z,0
2020-08-27T00:59:20.603003Z,2020-08-27,light,14827B,All,R1-2,214,2,"0,214",4,2020-08-27T00:59:20.817003Z,0
2020-08-27T00:59:23.609999Z,2020-08-27,light,14827B,All,R1-4,75,1,0,4,2020-08-27T00:59:23.684999Z,0
2020-08-27T00:59:26.332999Z,2020-08-27,light,14827B,All,R1-2,347,4,"0,116,115,116",4,2020-08-27T00:59:26.679999Z,0
2020-08-27T00:59:28.607003Z,2020-08-27,light,14827B,All,R1-3,809,8,"0,116,114,116,117,115,116,115",4,2020-08-27T00:59:29.416003Z,0
2020-08-27T00:59:33.677Z,2020-08-27,light,14827B,All,R1-5,115,2,"0,115",4,2020-08-27T00:59:33.792Z,0
2020-08-27T00:59:38.859997Z,2020-08-27,light,14827B,All,R2-2,2894,26,"0,114,117,119,111,117,115,116,116,115,116,116,116,115,116,117,116,114,117,116,114,117,116,116,115,117",4,2020-08-27T00:59:41.753997Z,0
2020-08-27T00:59:53.440998Z,2020-08-27,light,14827B,All,R2-2,75,1,0,4,2020-08-27T00:59:53.515998Z,0
2020-08-27T00:59:54.033997Z,2020-08-27,light,14827B,All,R2-1,578,6,"0,116,116,115,116,115",4,2020-08-27T00:59:54.611997Z,0
2020-08-27T01:00:06.021996Z,2020-08-27,light,14827B,All,R2-1,232,3,"0,117,115",4,2020-08-27T01:00:06.253997Z,0
2020-08-27T01:00:09.547998Z,2020-08-27,light,14827B,All,R1-5,1258,11,"0,217,116,115,116,116,117,114,117,115,115",4,2020-08-27T01:00:10.805998Z,0
2020-08-27T01:00:14.010999Z,2020-08-27,light,14827B,All,R1-7,694,7,"0,114,118,114,117,116,115",4,2020-08-27T01:00:14.704999Z,0
2020-08-27T01:00:20.721003Z,2020-08-27,light,14827B,All,R1-7,579,6,"0,115,116,116,116,116",4,2020-08-27T01:00:21.300003Z,0
2020-08-27T01:00:31.810003Z,2020-08-27,light,14827B,All,R1-3,1371,12,"0,215,115,116,120,111,117,144,87,115,116,115",4,2020-08-27T01:00:33.181003Z,0
2020-08-27T01:00:51.461Z,2020-08-27,light,14827B,All,R1-3,331,3,"0,215,116",4,2020-08-27T01:00:51.792001Z,0
2020-08-27T01:00:58.965999Z,2020-08-27,light,14827B,All,R1-2,809,8,"0,116,116,116,115,115,116,115",4,2020-08-27T01:00:59.774999Z,0
2020-08-27T01:01:11.254999Z,2020-08-27,light,14827B,All,R1-2,231,3,"0,115,116",4,2020-08-27T01:01:11.485999Z,0
2020-08-27T01:01:37.494998Z,2020-08-27,light,14827B,All,R1-2,810,8,"0,115,117,115,116,117,114,116",4,2020-08-27T01:01:38.304998Z,0
2020-08-27T01:02:50.832001Z,2020-08-27,light,14827B,All,R1-2,446,4,"0,215,117,114",4,2020-08-27T01:02:51.278001Z,0
2020-08-27T01:03:05.394004Z,2020-08-27,light,14827B,All,R1-2,217,2,"0,217",4,2020-08-27T01:03:05.611004Z,0
2020-08-27T01:03:11.172997Z,2020-08-27,light,14827B,All,R1-2,1259,11,"0,216,116,115,116,116,116,115,116,115,118",4,2020-08-27T01:03:12.431997Z,0
2020-08-27T01:03:27.056998Z,2020-08-27,light,14827B,All,R1-2,694,7,"0,116,115,117,114,115,117",4,2020-08-27T01:03:27.750998Z,0
2020-08-27T01:03:31.236002Z,2020-08-27,light,14827B,All,R1-3,694,7,"0,116,115,116,116,115,116",4,2020-08-27T01:03:31.930002Z,0
2020-08-27T01:03:33.265002Z,2020-08-27,light,14827B,All,R1-7,694,7,"0,115,116,116,116,116,115",4,2020-08-27T01:03:33.959002Z,0
2020-08-27T01:03:36.506005Z,2020-08-27,light,14827B,All,R1-9,694,7,"0,117,115,116,115,115,116",4,2020-08-27T01:03:37.200005Z,0
2020-08-27T01:03:50.645001Z,2020-08-27,light,14827B,All,R1-8,1110,8,"0,417,115,117,114,117,116,114",4,2020-08-27T01:03:51.755001Z,0
2020-08-27T01:03:54.109002Z,2020-08-27,light,14827B,All,R1-4,1490,13,"0,217,115,116,114,117,116,116,116,115,116,116,116",4,2020-08-27T01:03:55.599002Z,0
2020-08-27T01:04:07.560998Z,2020-08-27,light,14827B,All,R1-4,1042,10,"0,115,117,116,114,116,117,115,116,116",4,2020-08-27T01:04:08.602998Z,0
2020-08-27T01:04:16.990004Z,2020-08-27,light,14827B,All,R1-4,1391,13,"0,116,117,115,117,115,117,115,115,116,116,115,117",4,2020-08-27T01:04:18.381004Z,0
2020-08-27T01:05:31.708999Z,2020-08-27,light,14827B,All,R1-2,675,6,"0,214,114,117,115,115",4,2020-08-27T01:05:32.383999Z,0
2020-08-27T01:07:14.151Z,2020-08-27,light,14827B,All,R1-2,1374,12,"0,217,115,116,116,115,117,115,115,117,115,116",4,2020-08-27T01:07:15.525Z,0
2020-08-27T01:07:54.372999Z,2020-08-27,light,14827B,All,R1-4,1042,10,"0,116,115,115,116,116,116,116,116,116",4,2020-08-27T01:07:55.414999Z,0
2020-08-27T01:08:02.131002Z,2020-08-27,light,14827B,All,R1-4,75,1,0,4,2020-08-27T01:08:02.206002Z,0
2020-08-27T01:08:03.655997Z,2020-08-27,light,14827B,All,R1-6,231,3,"0,117,114",4,2020-08-27T01:08:03.886997Z,0
2020-08-27T01:08:08.622002Z,2020-08-27,light,14827B,All,R1-5,1620,15,"0,116,115,117,114,118,115,114,116,116,115,116,117,116,115",4,2020-08-27T01:08:10.242002Z,0
2020-08-27T01:08:11.581002Z,2020-08-27,light,14827B,All,R1-7,809,8,"0,114,117,115,116,115,116,116",4,2020-08-27T01:08:12.390002Z,0
2020-08-27T01:09:00.741004Z,2020-08-27,light,14827B,All,R1-9,1158,11,"0,115,117,114,118,114,116,115,116,116,117",4,2020-08-27T01:09:01.899004Z,0
2020-08-27T01:09:09.114002Z,2020-08-27,light,14827B,All,R1-9,463,5,"0,116,116,115,116",4,2020-08-27T01:09:09.577002Z,0
2020-08-27T01:09:11.568004Z,2020-08-27,light,14827B,All,R1-7,1156,11,"0,114,117,115,116,116,115,116,115,116,116",4,2020-08-27T01:09:12.724004Z,0
2020-08-27T01:09:19.232997Z,2020-08-27,light,14827B,All,R1-3,448,4,"0,217,114,117",4,2020-08-27T01:09:19.680997Z,0
2020-08-27T01:09:24.652998Z,2020-08-27,light,14827B,All,R1-5,348,4,"0,117,116,115",4,2020-08-27T01:09:25.000998Z,0
2020-08-27T01:09:42.001004Z,2020-08-27,light,14827B,All,R2-1,3905,33,"0,316,116,115,117,116,116,116,115,116,115,116,117,114,116,117,114,117,114,116,116,116,115,117,116,117,114,116,116,116,116,116,115",4,2020-08-27T01:09:45.906004Z,0
2020-08-27T01:09:57.158Z,2020-08-27,light,14827B,All,R2-1,463,5,"0,115,115,117,116",4,2020-08-27T01:09:57.621Z,0
2020-08-27T01:10:00.905998Z,2020-08-27,light,14827B,All,R2-2,1735,16,"0,116,116,114,116,116,117,114,117,116,114,117,116,115,116,115",4,2020-08-27T01:10:02.640998Z,0
2020-08-27T01:14:48.087001Z,2020-08-27,light,14827B,All,R2-4,330,3,"0,213,117",4,2020-08-27T01:14:48.417001Z,0
2020-08-27T01:14:52.932002Z,2020-08-27,light,14827B,All,R2-4,75,1,0,4,2020-08-27T01:14:53.007002Z,0
2020-08-27T01:17:07.675999Z,2020-08-27,light,14827B,All,R2-4,926,9,"0,117,116,115,115,117,115,116,115",4,2020-08-27T01:17:08.601999Z,0
2020-08-27T01:17:23.384002Z,2020-08-27,light,14827B,All,R2-6,1242,10,"0,317,114,116,117,115,116,115,115,117",4,2020-08-27T01:17:24.626002Z,0
2020-08-27T01:17:26.430Z,2020-08-27,light,14827B,All,R2-5,694,7,"0,117,114,117,115,116,115",4,2020-08-27T01:17:27.124Z,0
2020-08-27T01:17:32.029999Z,2020-08-27,light,14827B,All,R2-3,1720,15,"0,216,117,115,116,116,114,117,115,117,115,115,117,115,115",4,2020-08-27T01:17:33.749999Z,0
2020-08-27T01:17:52.825001Z,2020-08-27,light,14827B,All,R2-1,348,4,"0,117,115,116",4,2020-08-27T01:17:53.173001Z,0
2020-08-27T01:17:56.389001Z,2020-08-27,light,14827B,All,R2-2,925,9,"0,115,117,115,115,116,115,117,115",4,2020-08-27T01:17:57.314001Z,0
2020-08-27T01:17:59.853002Z,2020-08-27,light,14827B,All,R2-4,75,1,0,4,2020-08-27T01:17:59.928002Z,0
2020-08-27T01:23:11.978998Z,2020-08-27,light,14827B,All,R2-4,1374,12,"0,217,114,117,116,116,116,116,115,116,116,115",4,2020-08-27T01:23:13.352998Z,0
2020-08-27T01:23:34.669003Z,2020-08-27,light,14827B,All,R2-4,2299,20,"0,214,117,116,115,115,116,117,115,115,117,115,115,118,115,118,113,115,116,117",4,2020-08-27T01:23:36.968004Z,0
2020-08-27T01:23:42.263001Z,2020-08-27,light,14827B,All,R2-2,694,7,"0,116,115,116,116,115,116",4,2020-08-27T01:23:42.957001Z,0
2020-08-27T01:23:45.677997Z,2020-08-27,light,14827B,All,R2-1,811,8,"0,117,115,117,115,115,117,115",4,2020-08-27T01:23:46.488997Z,0
2020-08-27T01:23:51.104002Z,2020-08-27,light,14827B,All,R2-1,465,5,"0,117,117,114,117",4,2020-08-27T01:23:51.569002Z,0
2020-08-27T01:23:53.272003Z,2020-08-27,light,14827B,All,R2-2,1043,10,"0,116,117,114,116,117,115,116,117,115",4,2020-08-27T01:23:54.315003Z,0
2020-08-27T01:25:58.826004Z,2020-08-27,light,14827B,All,R2-2,562,5,"0,215,115,116,116",4,2020-08-27T01:25:59.388004Z,0
2020-08-27T01:26:01.179003Z,2020-08-27,light,14827B,All,R2-1,347,4,"0,116,115,116",4,2020-08-27T01:26:01.526003Z,0
2020-08-27T01:26:02.780999Z,2020-08-27,light,14827B,All,R2-3,1735,16,"0,115,116,115,116,115,117,117,115,115,116,115,116,117,115,115",4,2020-08-27T01:26:04.515999Z,0
2020-08-27T01:26:06.050996Z,2020-08-27,light,14827B,All,R2-7,694,7,"0,116,115,117,115,115,116",4,2020-08-27T01:26:06.744996Z,0
2020-08-27T01:27:07.359002Z,2020-08-27,light,14827B,All,R2-7,1158,11,"0,116,115,115,117,115,117,115,116,115,117",4,2020-08-27T01:27:08.517002Z,0
2020-08-27T01:27:12.532003Z,2020-08-27,light,14827B,All,R2-7,3426,28,"0,216,115,117,115,116,116,115,115,115,117,115,117,115,117,115,117,115,115,116,115,117,115,116,116,115,116,317",4,2020-08-27T01:27:15.958004Z,0
2020-08-27T01:27:30.172999Z,2020-08-27,light,14827B,All,R2-7,75,1,0,4,2020-08-27T01:27:30.247999Z,0
2020-08-27T01:27:43.173003Z,2020-08-27,light,14827B,All,R2-9,810,8,"0,115,115,117,115,116,115,117",4,2020-08-27T01:27:43.983003Z,0
2020-08-27T01:27:45.494Z,2020-08-27,light,14827B,All,R2-8,116,2,"0,116",4,2020-08-27T01:27:45.610Z,0
2020-08-27T01:27:45.999Z,2020-08-27,light,14827B,All,R2-9,1488,13,"0,215,117,115,116,116,116,115,116,116,115,116,115",4,2020-08-27T01:27:47.487Z,0
2020-08-27T01:27:55.686998Z,2020-08-27,light,14827B,All,R2-7,215,2,"0,215",4,2020-08-27T01:27:55.901998Z,0
2020-08-27T01:28:05.919997Z,2020-08-27,light,14827B,All,R2-7,4255,30,"0,114,115,117,115,117,115,116,816,115,116,115,117,115,116,116,116,117,115,115,117,115,115,116,115,116,115,117,115,316",4,2020-08-27T01:28:10.174997Z,0
2020-08-27T01:28:22.192003Z,2020-08-27,light,14827B,All,R2-7,577,6,"0,146,85,115,116,115",4,2020-08-27T01:28:22.769003Z,0
2020-08-27T01:28:24.815004Z,2020-08-27,light,14827B,All,R2-5,348,4,"0,117,115,116",4,2020-08-27T01:28:25.163004Z,0
2020-08-27T01:28:27.245997Z,2020-08-27,light,14827B,All,R2-6,580,6,"0,116,117,115,117,115",4,2020-08-27T01:28:27.825997Z,0
2020-08-27T01:28:35.369999Z,2020-08-27,light,14827B,All,R2-8,927,9,"0,117,115,115,118,115,115,117,115",4,2020-08-27T01:28:36.296999Z,0
2020-08-27T01:28:37.802004Z,2020-08-27,light,14827B,All,R2-9,446,4,"0,216,115,115",4,2020-08-27T01:28:38.248004Z,0
2020-08-27T01:29:01.165004Z,2020-08-27,light,14827B,All,R2-9,461,5,"0,115,116,115,115",4,2020-08-27T01:29:01.626004Z,0
2020-08-27T01:29:02.291003Z,2020-08-27,light,14827B,All,R2-8,232,3,"0,115,117",4,2020-08-27T01:29:02.523003Z,0
2020-08-27T01:29:05.997002Z,2020-08-27,light,14827B,All,R2-6,232,3,"0,117,115",4,2020-08-27T01:29:06.229002Z,0
2020-08-27T01:29:08.177003Z,2020-08-27,light,14827B,All,R2-5,1341,10,"0,116,316,216,115,115,117,116,115,115",4,2020-08-27T01:29:09.518003Z,0
2020-08-27T01:29:10.183004Z,2020-08-27,light,14827B,All,R2-7,2863,24,"0,117,116,116,116,114,115,117,115,117,116,216,116,115,115,117,115,115,117,115,115,216,117,115",4,2020-08-27T01:29:13.046004Z,0
2020-08-27T01:30:05.702996Z,2020-08-27,light,14827B,All,R2-9,811,8,"0,116,116,115,116,116,116,116",4,2020-08-27T01:30:06.513996Z,0
2020-08-27T01:30:07.156002Z,2020-08-27,light,14827B,All,R2-8,116,2,"0,116",4,2020-08-27T01:30:07.272002Z,0
2020-08-27T01:30:38.484003Z,2020-08-27,light,14827B,All,R2-4,2416,21,"0,216,116,115,116,116,115,117,115,115,117,115,117,115,116,115,116,117,114,116,117",4,2020-08-27T01:30:40.900003Z,0
2020-08-27T01:30:42.245997Z,2020-08-27,light,14827B,All,R2-2,230,3,"0,114,116",4,2020-08-27T01:30:42.475997Z,0
2020-08-27T01:30:47.173Z,2020-08-27,light,14827B,All,R1-5,810,8,"0,116,115,116,117,116,115,115",4,2020-08-27T01:30:47.983Z,0
2020-08-27T01:32:50.375997Z,2020-08-27,light,14827B,All,R1-7,18418,148,"0,217,116,114,116,116,116,117,115,116,114,117,116,116,116,116,114,717,115,116,115,116,116,117,114,116,116,115,118,114,116,115,116,117,115,115,116,117,115,116,115,117,115,138,95,115,115,116,116,116,115,116,116,117,114,116,117,114,116,117,116,114,117,116,115,117,116,115,115,116,117,114,116,115,117,116,115,116,116,116,115,117,814,116,115,118,115,115,117,114,117,116,115,116,117,114,116,117,114,116,117,116,115,116,116,116,114,116,117,114,116,118,115,114,117,116,116,115,116,116,115,116,116,116,115,117,114,117,116,117,114,117,114,124,109,114,116,117,116,116,114,116,116,117,116,114,117,116",4,2020-08-27T01:33:08.793997Z,0
2020-08-27T01:33:17.707997Z,2020-08-27,light,14827B,All,R1-7,1157,11,"0,117,116,114,116,116,116,116,116,116,114",4,2020-08-27T01:33:18.864997Z,0
2020-08-27T01:33:24.901999Z,2020-08-27,light,14827B,All,R1-7,3458,30,"0,216,117,114,117,115,116,115,117,115,116,117,114,116,115,116,117,115,117,116,115,115,116,116,116,116,114,117,116,116",4,2020-08-27T01:33:28.359998Z,0
2020-08-27T01:33:31.110995Z,2020-08-27,light,14827B,All,R1-9,2532,22,"0,216,115,118,115,116,115,117,115,116,115,116,116,115,117,114,117,116,115,117,115,116",4,2020-08-27T01:33:33.642995Z,0
2020-08-27T01:33:35.790998Z,2020-08-27,light,14827B,All,R1-8,75,1,0,4,2020-08-27T01:33:35.865999Z,0
2020-08-27T01:33:39.006996Z,2020-08-27,light,14827B,All,R1-8,1272,12,"0,115,116,116,116,116,115,115,117,115,115,116",4,2020-08-27T01:33:40.278996Z,0
2020-08-27T01:33:43.311005Z,2020-08-27,light,14827B,All,R1-4,331,3,"0,236,95",4,2020-08-27T01:33:43.642005Z,0
2020-08-27T01:33:45.412002Z,2020-08-27,light,14827B,All,R1-6,463,5,"0,116,117,116,114",4,2020-08-27T01:33:45.875002Z,0
2020-08-27T01:33:47.492003Z,2020-08-27,light,14827B,All,R1-5,1274,12,"0,115,116,117,116,116,114,116,116,116,116,116",4,2020-08-27T01:33:48.766003Z,0
2020-08-27T01:33:49.874Z,2020-08-27,light,14827B,All,R1-7,1041,10,"0,116,117,114,117,115,116,115,117,114",4,2020-08-27T01:33:50.914999Z,0
2020-08-27T01:34:14.457003Z,2020-08-27,light,14827B,All,R1-9,1141,10,"0,215,116,116,116,115,116,115,117,115",4,2020-08-27T01:34:15.598003Z,0
2020-08-27T01:34:25.894004Z,2020-08-27,light,14827B,All,R1-8,3446,23,"0,316,115,115,116,816,117,115,117,114,116,116,116,115,117,114,117,115,117,115,115,116,116",4,2020-08-27T01:34:29.340004Z,0
2020-08-27T01:34:30.955998Z,2020-08-27,light,14827B,All,R1-8,75,1,0,4,2020-08-27T01:34:31.030998Z,0
2020-08-27T01:34:37.071995Z,2020-08-27,light,14827B,All,R1-8,1619,15,"0,115,117,115,115,117,114,117,115,117,115,116,117,114,115",4,2020-08-27T01:34:38.690995Z,0
2020-08-27T01:34:54.606997Z,2020-08-27,light,14827B,All,R1-8,1736,16,"0,115,116,118,114,117,114,117,115,117,114,117,115,115,117,115",4,2020-08-27T01:34:56.342997Z,0
2020-08-27T01:35:12.238998Z,2020-08-27,light,14827B,All,R1-4,793,7,"0,215,117,115,115,117,114",4,2020-08-27T01:35:13.031998Z,0
2020-08-27T01:35:46.164001Z,2020-08-27,light,14827B,All,R1-4,893,7,"0,216,114,217,116,115,115",4,2020-08-27T01:35:47.057001Z,0
2020-08-27T01:36:32.671999Z,2020-08-27,light,14827B,All,R1-4,75,1,0,4,2020-08-27T01:36:32.746999Z,0
2020-08-27T01:36:54.961004Z,2020-08-27,light,14827B,All,R1-8,1062,5,"0,215,616,116,115",4,2020-08-27T01:36:56.023004Z,0
2020-08-27T01:37:04.684996Z,2020-08-27,light,14827B,All,R1-4,218,2,"0,218",4,2020-08-27T01:37:04.902996Z,0
2020-08-27T01:37:11.237001Z,2020-08-27,light,14827B,All,R1-8,3921,34,"0,217,115,117,114,117,115,115,117,115,117,119,112,115,117,115,117,115,115,116,115,117,115,116,116,116,116,115,117,114,117,115,117,115",4,2020-08-27T01:37:15.158001Z,0
2020-08-27T01:37:16.575001Z,2020-08-27,light,14827B,All,R1-8,3471,31,"0,114,117,115,117,115,116,115,115,117,115,117,114,116,116,115,116,117,115,117,115,116,115,117,114,117,117,115,115,116,115",4,2020-08-27T01:37:20.046001Z,0
2020-08-27T01:37:26.516004Z,2020-08-27,light,14827B,All,R1-4,565,5,"0,216,116,116,117",4,2020-08-27T01:37:27.081004Z,0
2020-08-27T01:37:33.273003Z,2020-08-27,light,14827B,All,R1-6,580,6,"0,117,115,115,117,116",4,2020-08-27T01:37:33.853003Z,0
2020-08-27T01:37:41.690997Z,2020-08-27,light,14827B,All,R2-1,810,8,"0,116,115,115,117,115,116,116",4,2020-08-27T01:37:42.500997Z,0
2020-08-27T01:38:07.216996Z,2020-08-27,light,14827B,All,R2-1,346,4,"0,116,114,116",4,2020-08-27T01:38:07.562996Z,0
2020-08-27T01:38:17.167002Z,2020-08-27,light,14827B,All,R1-6,3821,34,"0,116,116,115,115,117,115,117,115,116,115,117,115,115,117,115,115,117,115,117,115,117,114,116,116,117,115,116,116,114,117,115,117,116",4,2020-08-27T01:38:20.988002Z,0
2020-08-27T02:29:59.664002Z,2020-08-27,light,14827B,All,R1-6,1622,15,"0,116,117,116,114,117,116,115,116,115,117,115,115,117,116",4,2020-08-27T02:30:01.286002Z,0
2020-08-27T02:30:03.614003Z,2020-08-27,light,14827B,All,R1-5,1158,11,"0,117,115,115,117,116,114,116,116,116,116",4,2020-08-27T02:30:04.772003Z,0
2020-08-27T02:30:11.289001Z,2020-08-27,light,14827B,All,R1-5,115,2,"0,115",4,2020-08-27T02:30:11.404001Z,0
2020-08-27T02:30:12.011002Z,2020-08-27,light,14827B,All,R1-6,694,7,"0,116,116,116,114,116,116",4,2020-08-27T02:30:12.705002Z,0
2020-08-27T03:33:35.702003Z,2020-08-27,light,14827B,All,R1-6,1490,13,"0,215,117,116,116,114,116,116,116,116,115,117,116",4,2020-08-27T03:33:37.192003Z,0
2020-08-27T03:33:39.092002Z,2020-08-27,light,14827B,All,R1-5,580,6,"0,116,117,116,114,117",4,2020-08-27T03:33:39.672002Z,0
2020-08-27T03:33:59.481003Z,2020-08-27,light,14827B,All,R1-7,446,4,"0,215,117,114",4,2020-08-27T03:33:59.927003Z,0
2020-08-27T03:34:01.486001Z,2020-08-27,light,14827B,All,R1-5,116,2,"0,116",4,2020-08-27T03:34:01.602001Z,0
2020-08-27T03:34:08.326005Z,2020-08-27,light,14827B,All,R2-1,1042,10,"0,116,114,116,116,117,114,117,116,116",4,2020-08-27T03:34:09.368005Z,0
2020-08-27T03:34:46.758996Z,2020-08-27,light,14827B,All,R2-3,2932,22,"0,617,114,116,117,116,115,116,116,115,117,115,114,118,115,116,116,116,114,117,114,118",4,2020-08-27T03:34:49.690996Z,0
2020-08-27T04:04:53.456004Z,2020-08-27,light,14827B,All,R2-7,449,4,"0,216,116,117",4,2020-08-27T04:04:53.905004Z,0
2020-08-27T04:04:56.919003Z,2020-08-27,light,14827B,All,R2-5,565,6,"0,120,100,114,115,116",4,2020-08-27T04:04:57.484003Z,0
2020-08-27T04:04:58.349001Z,2020-08-27,light,14827B,All,R2-6,347,4,"0,115,116,116",4,2020-08-27T04:04:58.696001Z,0
2020-08-27T04:04:59.492997Z,2020-08-27,light,14827B,All,R2-4,464,5,"0,115,117,115,117",4,2020-08-27T04:04:59.956997Z,0
2020-08-27T04:14:09.002Z,2020-08-27,light,14827B,All,R2-4,1604,15,"0,99,117,115,117,114,117,115,116,115,117,114,117,117,114",4,2020-08-27T04:14:10.606Z,0
2020-08-27T04:14:23.199999Z,2020-08-27,light,14827B,All,R2-8,1737,16,"0,116,116,115,117,116,117,115,116,115,116,115,116,116,115,116",4,2020-08-27T04:14:24.936999Z,0
2020-08-27T04:14:33.960999Z,2020-08-27,light,14827B,All,R2-9,75,1,0,4,2020-08-27T04:14:34.035999Z,0
2020-08-27T04:15:17.475001Z,2020-08-27,light,14827B,All,R2-9,1490,13,"0,216,116,116,114,117,116,115,116,117,115,116,116",4,2020-08-27T04:15:18.965001Z,0
2020-08-27T04:15:38.014001Z,2020-08-27,light,14827B,All,R2-7,1158,11,"0,117,115,115,116,117,115,115,116,117,115",4,2020-08-27T04:15:39.172001Z,0
2020-08-27T04:15:41.386996Z,2020-08-27,light,14827B,All,R2-7,2547,23,"0,116,117,114,117,115,116,116,117,115,116,115,116,115,116,115,118,115,116,115,115,117,115",4,2020-08-27T04:15:43.933996Z,0
2020-08-27T04:16:01.350001Z,2020-08-27,light,14827B,All,R2-7,694,7,"0,117,114,116,117,114,116",4,2020-08-27T04:16:02.044001Z,0
2020-08-27T04:16:03.360997Z,2020-08-27,light,14827B,All,R2-7,1156,11,"0,114,117,116,114,117,116,115,116,116,115",4,2020-08-27T04:16:04.516997Z,0
2020-08-27T04:16:26.733Z,2020-08-27,light,14827B,All,R2-7,579,6,"0,115,116,115,117,116",4,2020-08-27T04:16:27.312Z,0
2020-08-27T04:16:30.727998Z,2020-08-27,light,14827B,All,R2-7,1041,10,"0,114,117,116,114,117,116,114,117,116",4,2020-08-27T04:16:31.768998Z,0
2020-08-27T04:16:49.183997Z,2020-08-27,light,14827B,All,R2-7,578,6,"0,115,117,116,114,116",4,2020-08-27T04:16:49.761997Z,0
2020-08-27T04:16:51.486998Z,2020-08-27,light,14827B,All,R2-5,1273,12,"0,116,114,117,116,115,116,115,116,115,117,116",4,2020-08-27T04:16:52.759998Z,0
2020-08-27T04:16:55.651002Z,2020-08-27,light,14827B,All,R2-6,695,7,"0,116,116,115,117,115,116",4,2020-08-27T04:16:56.346002Z,0
2020-08-27T04:17:03.480Z,2020-08-27,light,14827B,All,R2-8,4037,35,"0,217,116,116,115,117,114,117,115,117,115,116,116,116,115,116,116,115,115,117,115,117,115,117,115,116,115,117,114,115,117,115,117,114,117",4,2020-08-27T04:17:07.517Z,0
2020-08-27T04:17:13.232996Z,2020-08-27,light,14827B,All,R2-9,348,4,"0,117,115,116",4,2020-08-27T04:17:13.580997Z,0
2020-08-27T04:17:14.797Z,2020-08-27,light,14827B,All,R2-9,75,1,0,4,2020-08-27T04:17:14.872Z,0
2020-08-27T04:17:22.212997Z,2020-08-27,light,14827B,All,R2-9,1425,9,"0,215,415,115,217,116,116,115,116",4,2020-08-27T04:17:23.637997Z,0
2020-08-27T05:26:25.499Z,2020-08-27,light,14827B,All,R2-8,3109,27,"0,215,116,115,116,115,116,116,116,115,116,116,115,118,115,115,116,116,115,116,117,114,117,116,115,118,114",4,2020-08-27T05:26:28.608Z,0
2020-08-27T05:26:30.353997Z,2020-08-27,light,14827B,All,R2-6,463,5,"0,114,117,115,117",4,2020-08-27T05:26:30.816997Z,0
2020-08-27T05:26:31.858998Z,2020-08-27,light,14827B,All,R2-5,448,4,"0,117,115,216",4,2020-08-27T05:26:32.306998Z,0
2020-08-27T06:25:23.229002Z,2020-08-27,light,14827B,All,R2-5,462,5,"0,115,115,117,115",4,2020-08-27T06:25:23.691002Z,0
2020-08-27T06:25:25.756003Z,2020-08-27,light,14827B,All,R2-6,927,9,"0,117,116,115,117,115,116,115,116",4,2020-08-27T06:25:26.683003Z,0
2020-08-27T06:25:28.393001Z,2020-08-27,light,14827B,All,R2-4,1141,10,"0,216,116,115,116,116,116,115,115,116",4,2020-08-27T06:25:29.534001Z,0
2020-08-27T06:25:45.204004Z,2020-08-27,light,14827B,All,R2-2,696,7,"0,115,117,115,116,115,118",4,2020-08-27T06:25:45.900004Z,0
2020-08-27T06:25:47.351001Z,2020-08-27,light,14827B,All,R2-1,925,9,"0,115,115,117,116,115,116,115,116",4,2020-08-27T06:25:48.276001Z,0
2020-08-27T06:26:23.262996Z,2020-08-27,light,14827B,All,R2-3,4714,40,"0,215,116,117,115,116,115,117,115,117,115,115,116,116,115,117,115,117,115,115,116,116,116,116,115,116,115,116,116,117,114,117,116,116,115,115,117,116,115,215",4,2020-08-27T06:26:27.976996Z,0
2020-08-27T06:26:46.791004Z,2020-08-27,light,14827B,All,R2-7,546,4,"0,216,114,216",4,2020-08-27T06:26:47.337004Z,0
2020-08-27T06:26:50.841003Z,2020-08-27,light,14827B,All,R2-5,462,5,"0,114,118,114,116",4,2020-08-27T06:26:51.303003Z,0
2020-08-27T06:27:00.799002Z,2020-08-27,light,14827B,All,R3-1,926,9,"0,117,115,115,117,115,115,117,115",4,2020-08-27T06:27:01.725002Z,0
2020-08-27T06:27:48.980998Z,2020-08-27,light,14827B,All,R3-1,346,4,"0,116,116,114",4,2020-08-27T06:27:49.326998Z,0
2020-08-27T06:27:50.351Z,2020-08-27,light,14827B,All,R3-2,1804,14,"0,415,117,115,116,115,117,115,116,115,116,116,115,116",4,2020-08-27T06:27:52.155Z,0
2020-08-27T06:28:11.922004Z,2020-08-27,light,14827B,All,R3-4,1010,8,"0,215,216,118,114,116,116,115",4,2020-08-27T06:28:12.932004Z,0
2020-08-27T06:28:34.278997Z,2020-08-27,light,14827B,All,R3-4,1156,11,"0,114,116,117,115,116,115,115,117,115,116",4,2020-08-27T06:28:35.434997Z,0
2020-08-27T06:29:31.526005Z,2020-08-27,light,14827B,All,R3-4,10615,78,"0,216,117,115,115,118,114,117,114,116,117,115,116,115,116,116,116,116,115,117,115,116,116,116,115,116,116,116,116,116,115,117,114,116,127,105,115,117,216,115,116,116,114,117,216,115,115,117,115,215,216,216,117,115,116,115,117,115,117,215,216,615,116,116,116,115,117,115,115,116,116,116,216,116,215,216,116,216",4,2020-08-27T06:29:42.141005Z,0
2020-08-27T06:29:43.257Z,2020-08-27,light,14827B,All,R3-4,1825,9,"0,216,215,316,216,216,214,216,216",4,2020-08-27T06:29:45.082Z,0
2020-08-27T06:29:46.098003Z,2020-08-27,light,14827B,All,R3-4,1227,9,"0,216,115,117,114,118,315,116,116",4,2020-08-27T06:29:47.325003Z,0
2020-08-27T06:29:48.439003Z,2020-08-27,light,14827B,All,R3-4,5836,35,"0,216,116,417,214,116,116,117,915,115,117,115,117,115,115,116,116,133,99,115,116,115,117,115,116,116,115,117,115,116,115,117,115,117,714",4,2020-08-27T06:29:54.275003Z,0
2020-08-27T06:30:11.164001Z,2020-08-27,light,14827B,All,R3-4,214,2,"0,214",4,2020-08-27T06:30:11.378Z,0
2020-08-27T06:30:12.126998Z,2020-08-27,light,14827B,All,R3-4,1272,12,"0,116,115,115,117,115,116,115,117,115,116,115",4,2020-08-27T06:30:13.398998Z,0
2020-08-27T06:30:37.714997Z,2020-08-27,light,14827B,All,R3-4,75,1,0,4,2020-08-27T06:30:37.789997Z,0
2020-08-27T06:30:39.030998Z,2020-08-27,light,14827B,All,R3-4,446,4,"0,215,116,115",4,2020-08-27T06:30:39.476998Z,0
2020-08-27T06:32:34.833999Z,2020-08-27,light,14827B,All,R3-4,75,1,0,4,2020-08-27T06:32:34.908999Z,0
2020-08-27T06:32:53.350003Z,2020-08-27,light,14827B,All,R3-4,694,7,"0,117,114,117,115,116,115",4,2020-08-27T06:32:54.044003Z,0
2020-08-27T06:32:55.669998Z,2020-08-27,light,14827B,All,R3-8,1388,13,"0,114,117,116,115,115,117,115,118,114,115,117,115",4,2020-08-27T06:32:57.057998Z,0
2020-08-27T06:33:59.771998Z,2020-08-27,light,14827B,All,R3-8,1504,14,"0,115,117,114,115,117,116,116,115,115,116,117,116,115",4,2020-08-27T06:34:01.275998Z,0
2020-08-27T06:34:04.275002Z,2020-08-27,light,14827B,All,R3-6,1852,17,"0,115,116,116,116,116,114,117,116,115,117,115,115,116,115,117,116",4,2020-08-27T06:34:06.127002Z,0
2020-08-27T06:35:11.621002Z,2020-08-27,light,14827B,All,R3-7,546,4,"0,216,215,115",4,2020-08-27T06:35:12.167002Z,0
2020-08-27T06:35:15.560005Z,2020-08-27,light,14827B,All,R3-6,1274,12,"0,115,118,115,115,116,116,115,115,116,118,115",4,2020-08-27T06:35:16.834005Z,0
2020-08-27T06:35:51.094Z,2020-08-27,light,14827B,All,R3-4,910,8,"0,217,116,116,115,116,115,115",4,2020-08-27T06:35:52.004Z,0
2020-08-27T06:35:58.806997Z,2020-08-27,light,14827B,All,R3-8,580,6,"0,116,118,115,115,116",4,2020-08-27T06:35:59.386997Z,0
2020-08-27T06:36:05.348005Z,2020-08-27,light,14827B,All,R3-9,577,6,"0,115,116,115,116,115",4,2020-08-27T06:36:05.925005Z,0
2020-08-27T06:36:29.679999Z,2020-08-27,light,14827B,All,R3-7,331,3,"0,217,114",4,2020-08-27T06:36:30.010999Z,0
2020-08-27T06:36:35.529002Z,2020-08-27,light,14827B,All,R3-7,777,6,"0,245,85,217,115,115",4,2020-08-27T06:36:36.306002Z,0
2020-08-27T06:36:45.339998Z,2020-08-27,light,14827B,All,R3-9,695,7,"0,116,115,117,116,115,116",4,2020-08-27T06:36:46.034998Z,0
2020-08-27T06:36:48.650Z,2020-08-27,light,14827B,All,R3-9,347,4,"0,115,140,92",4,2020-08-27T06:36:48.997Z,0
2020-08-27T06:37:00.435997Z,2020-08-27,light,14827B,All,R3-7,1043,10,"0,116,117,115,114,117,124,106,117,117",4,2020-08-27T06:37:01.478997Z,0
2020-08-27T06:44:27.704Z,2020-08-27,light,14827B,All,R3-7,1737,16,"0,116,116,115,117,115,116,115,117,116,115,115,116,118,113,117",4,2020-08-27T06:44:29.441Z,0
2020-08-27T06:44:36.840998Z,2020-08-27,light,14827B,All,R3-9,809,8,"0,116,115,115,116,115,139,93",4,2020-08-27T06:44:37.649998Z,0
2020-08-27T06:44:48.965001Z,2020-08-27,light,14827B,All,R3-9,1080,6,"0,616,117,114,117,116",4,2020-08-27T06:44:50.045001Z,0
2020-08-27T06:45:02.960997Z,2020-08-27,light,14827B,All,R3-9,810,8,"0,115,114,117,115,117,115,117",4,2020-08-27T06:45:03.770997Z,0
2020-08-27T06:45:12.614003Z,2020-08-27,light,14827B,All,R3-8,2185,19,"0,216,117,116,115,115,117,116,115,115,117,114,117,116,115,117,115,116,116",4,2020-08-27T06:45:14.799003Z,0
2020-08-27T06:45:19.467Z,2020-08-27,light,14827B,All,R3-4,4169,37,"0,116,117,115,116,115,117,115,116,115,116,117,115,116,116,115,116,115,117,116,115,115,119,114,115,116,116,116,116,114,117,115,116,116,115,116,117",4,2020-08-27T06:45:23.635999Z,0
2020-08-27T06:45:57.049998Z,2020-08-27,light,14827B,All,R3-4,216,2,"0,216",4,2020-08-27T06:45:57.265998Z,0
2020-08-27T06:47:50.129004Z,2020-08-27,light,14827B,All,R3-4,430,3,"0,216,214",4,2020-08-27T06:47:50.559005Z,0
2020-08-27T06:51:37.457998Z,2020-08-27,light,14827B,All,R3-2,1095,7,"0,514,117,115,117,115,117",4,2020-08-27T06:51:38.552998Z,0
2020-08-27T06:51:39.860997Z,2020-08-27,light,14827B,All,R3-1,465,5,"0,116,116,118,115",4,2020-08-27T06:51:40.325997Z,0
2020-08-27T06:51:53.260998Z,2020-08-27,light,14827B,All,R3-3,1373,12,"0,215,117,115,114,117,115,117,115,117,114,117",4,2020-08-27T06:51:54.633998Z,0
2020-08-27T06:51:55.234003Z,2020-08-27,light,14827B,All,R3-7,216,2,"0,216",4,2020-08-27T06:51:55.450003Z,0
2020-08-27T06:51:57.965997Z,2020-08-27,light,14827B,All,R3-7,695,7,"0,116,116,115,117,115,116",4,2020-08-27T06:51:58.660997Z,0
2020-08-27T06:52:00.224Z,2020-08-27,light,14827B,All,R3-9,812,8,"0,117,115,117,115,117,114,117",4,2020-08-27T06:52:01.036Z,0
2020-08-27T06:52:13.359997Z,2020-08-27,light,14827B,All,R3-9,217,2,"0,217",4,2020-08-27T06:52:13.576997Z,0
2020-08-27T06:52:17.884997Z,2020-08-27,light,14827B,All,R3-8,695,7,"0,116,116,115,116,116,116",4,2020-08-27T06:52:18.579997Z,0
2020-08-27T06:52:51.962997Z,2020-08-27,light,14827B,All,R3-6,3082,19,"0,214,117,115,117,914,116,117,115,117,115,114,117,115,217,115,117,115,115",4,2020-08-27T06:52:55.044997Z,0
2020-08-27T06:52:59.060999Z,2020-08-27,light,14827B,All,R3-6,332,3,"0,215,117",4,2020-08-27T06:52:59.392999Z,0
2020-08-27T06:53:07.047004Z,2020-08-27,light,14827B,All,R3-4,3009,27,"0,115,117,115,116,115,115,116,117,116,116,115,116,116,115,116,116,116,114,117,115,117,115,116,115,117,115",4,2020-08-27T06:53:10.056004Z,0
2020-08-27T06:54:06.868999Z,2020-08-27,light,14827B,All,R3-4,1489,13,"0,117,115,116,116,115,116,116,115,116,116,116,215",4,2020-08-27T06:54:08.357999Z,0
2020-08-27T06:54:13.775003Z,2020-08-27,light,14827B,All,R3-4,1389,13,"0,114,117,115,117,114,117,115,117,115,117,114,117",4,2020-08-27T06:54:15.164003Z,0
2020-08-27T06:54:57.001Z,2020-08-27,light,14827B,All,R3-2,347,4,"0,116,116,115",4,2020-08-27T06:54:57.348Z,0
2020-08-27T06:55:06.017999Z,2020-08-27,light,14827B,All,R2-6,1389,13,"0,116,116,116,115,116,116,115,116,116,116,116,115",4,2020-08-27T06:55:07.406999Z,0
2020-08-27T06:55:19.573Z,2020-08-27,light,14827B,All,R2-4,1720,15,"0,216,115,116,115,116,117,115,116,115,117,116,115,115,116",4,2020-08-27T06:55:21.293Z,0
2020-08-27T06:55:22.705Z,2020-08-27,light,14827B,All,R2-2,216,2,"0,216",4,2020-08-27T06:55:22.921Z,0
2020-08-27T06:55:23.701002Z,2020-08-27,light,14827B,All,R2-1,464,5,"0,115,116,116,117",4,2020-08-27T06:55:24.165002Z,0
2020-08-27T07:00:20.096004Z,2020-08-27,light,14827B,All,R2-3,75,1,0,4,2020-08-27T07:00:20.171004Z,0
2020-08-27T07:00:40.979998Z,2020-08-27,light,14827B,All,R2-3,1620,15,"0,116,114,116,117,114,116,116,117,116,116,114,116,116,116",4,2020-08-27T07:00:42.599998Z,0
2020-08-27T07:01:06.556999Z,2020-08-27,light,14827B,All,R2-7,446,4,"0,214,116,116",4,2020-08-27T07:01:07.002999Z,0
2020-08-27T07:02:50.085004Z,2020-08-27,light,14827B,All,R2-5,695,7,"0,116,116,116,115,116,116",4,2020-08-27T07:02:50.780004Z,0
2020-08-27T07:02:52.549996Z,2020-08-27,light,14827B,All,R2-6,3357,30,"0,114,117,117,114,117,116,116,115,116,116,116,115,116,116,115,116,116,115,116,116,116,114,118,116,115,116,116,116,115",4,2020-08-27T07:02:55.906996Z,0
2020-08-27T07:02:57.459002Z,2020-08-27,light,14827B,All,R2-4,1026,9,"0,216,114,117,116,115,117,114,117",4,2020-08-27T07:02:58.485002Z,0
2020-08-27T07:03:05.258001Z,2020-08-27,light,14827B,All,R2-2,348,4,"0,115,116,117",4,2020-08-27T07:03:05.606001Z,0
2020-08-27T07:03:06.276001Z,2020-08-27,light,14827B,All,R2-1,232,3,"0,115,117",4,2020-08-27T07:03:06.508001Z,0
2020-08-27T07:03:12.298997Z,2020-08-27,light,14827B,All,R2-3,1951,17,"0,215,115,117,115,115,116,117,116,116,114,117,116,115,115,116,116",4,2020-08-27T07:03:14.249997Z,0
2020-08-27T07:03:28.823999Z,2020-08-27,light,14827B,All,R2-5,644,4,"0,413,116,115",4,2020-08-27T07:03:29.467999Z,0
2020-08-27T07:03:31.989997Z,2020-08-27,light,14827B,All,R2-6,1504,14,"0,114,117,116,115,116,115,116,116,115,116,117,114,117",4,2020-08-27T07:03:33.493997Z,0
2020-08-27T07:03:40.810003Z,2020-08-27,light,14827B,All,R2-6,345,4,"0,123,107,115",4,2020-08-27T07:03:41.155003Z,0
2020-08-27T07:03:43.483997Z,2020-08-27,light,14827B,All,R2-5,3008,27,"0,115,117,114,116,116,116,115,116,116,116,116,115,117,115,115,116,116,116,115,116,117,116,115,115,117,114",4,2020-08-27T07:03:46.491997Z,0
2020-08-27T07:04:04.119004Z,2020-08-27,light,14827B,All,R2-7,75,1,0,4,2020-08-27T07:04:04.194004Z,0
2020-08-27T07:04:08.036Z,2020-08-27,light,14827B,All,R2-7,1924,9,"0,515,116,116,116,114,117,615,215",4,2020-08-27T07:04:09.960Z,0
2020-08-27T07:04:34.475005Z,2020-08-27,light,14827B,All,R2-7,2070,18,"0,216,115,118,114,117,115,117,114,117,115,117,115,117,114,117,115,117",4,2020-08-27T07:04:36.545005Z,0
2020-08-27T07:04:40.056004Z,2020-08-27,light,14827B,All,R2-9,693,7,"0,115,116,116,114,118,114",4,2020-08-27T07:04:40.749004Z,0
2020-08-27T07:04:42.215002Z,2020-08-27,light,14827B,All,R2-8,75,1,0,4,2020-08-27T07:04:42.290002Z,0
2020-08-27T07:04:44.131Z,2020-08-27,light,14827B,All,R2-8,811,8,"0,117,115,117,115,115,116,116",4,2020-08-27T07:04:44.942Z,0
2020-08-27T07:04:51.110002Z,2020-08-27,light,14827B,All,R2-4,733,3,"0,416,317",4,2020-08-27T07:04:51.843002Z,0
2020-08-27T07:07:36.791999Z,2020-08-27,light,14827B,All,R2-4,679,6,"0,114,117,115,117,216",4,2020-08-27T07:07:37.470999Z,0
2020-08-27T07:12:46.205001Z,2020-08-27,light,14827B,All,R2-4,577,6,"0,129,101,115,117,115",4,2020-08-27T07:12:46.782001Z,0
2020-08-27T07:12:51.749003Z,2020-08-27,light,14827B,All,R2-6,347,4,"0,116,116,115",4,2020-08-27T07:12:52.096003Z,0
2020-08-27T07:12:53.037996Z,2020-08-27,light,14827B,All,R2-5,6599,58,"0,116,116,115,116,115,116,116,115,117,117,115,114,117,115,116,116,116,115,116,115,116,116,116,117,116,115,116,115,117,115,116,115,115,118,114,116,117,114,116,116,115,117,116,116,115,115,117,115,115,118,115,115,117,115,117,114,117",4,2020-08-27T07:12:59.636996Z,0
2020-08-27T07:13:00.751996Z,2020-08-27,light,14827B,All,R2-5,1389,13,"0,116,116,116,116,116,116,115,116,115,116,116,115",4,2020-08-27T07:13:02.140996Z,0
2020-08-27T07:13:04.511001Z,2020-08-27,light,14827B,All,R2-6,1391,13,"0,117,116,115,117,116,114,117,115,115,117,115,117",4,2020-08-27T07:13:05.902001Z,0
2020-08-27T07:13:48.696004Z,2020-08-27,light,14827B,All,R2-4,925,9,"0,116,116,115,115,117,115,116,115",4,2020-08-27T07:13:49.621004Z,0
2020-08-27T07:13:58.651003Z,2020-08-27,light,14827B,All,R2-2,347,4,"0,115,116,116",4,2020-08-27T07:13:58.998003Z,0
2020-08-27T07:14:02.048Z,2020-08-27,light,14827B,All,R1-6,1968,18,"0,118,114,117,116,115,116,116,115,115,116,116,117,114,117,116,115,115",4,2020-08-27T07:14:04.016Z,0
2020-08-27T07:14:23.766999Z,2020-08-27,light,14827B,All,R1-4,562,5,"0,216,115,117,114",4,2020-08-27T07:14:24.328999Z,0
2020-08-27T07:14:26.445002Z,2020-08-27,light,14827B,All,R1-4,2227,9,"0,217,315,116,316,316,516,316,115",4,2020-08-27T07:14:28.672002Z,0
2020-08-27T07:14:32.285996Z,2020-08-27,light,14827B,All,R1-4,75,1,0,4,2020-08-27T07:14:32.360996Z,0
2020-08-27T07:14:38.801999Z,2020-08-27,light,14827B,All,R1-4,75,1,0,4,2020-08-27T07:14:38.876999Z,0
2020-08-27T07:14:40.417999Z,2020-08-27,light,14827B,All,R1-4,563,5,"0,217,114,116,116",4,2020-08-27T07:14:40.980999Z,0
2020-08-27T07:15:00.696001Z,2020-08-27,light,14827B,All,R1-4,1873,12,"0,617,215,144,88,115,117,114,117,115,116,115",4,2020-08-27T07:15:02.569001Z,0
2020-08-27T07:15:09.183997Z,2020-08-27,light,14827B,All,R1-4,926,9,"0,116,116,116,117,116,114,116,115",4,2020-08-27T07:15:10.109997Z,0
2020-08-27T07:15:20.927002Z,2020-08-27,light,14827B,All,R1-4,1725,9,"0,216,115,117,115,716,115,216,115",4,2020-08-27T07:15:22.652002Z,0
2020-08-27T07:15:29.768996Z,2020-08-27,light,14827B,All,R1-4,515,2,"0,515",4,2020-08-27T07:15:30.283996Z,0
2020-08-27T07:15:42.134996Z,2020-08-27,light,14827B,All,R1-4,3040,16,"0,410,107,633,210,120,110,220,100,130,102,128,310,120,110,230",4,2020-08-27T07:15:45.174996Z,0
2020-08-27T07:15:46.184996Z,2020-08-27,light,14827B,All,R1-4,450,4,"0,220,110,120",4,2020-08-27T07:15:46.634996Z,0
2020-08-27T07:16:01.833998Z,2020-08-27,light,14827B,All,R1-4,1606,14,"0,117,115,115,115,117,116,115,117,115,117,115,116,216",4,2020-08-27T07:16:03.439998Z,0
2020-08-27T07:16:04.855Z,2020-08-27,light,14827B,All,R1-4,810,8,"0,115,117,115,115,117,115,116",4,2020-08-27T07:16:05.664999Z,0
2020-08-27T07:16:11.580004Z,2020-08-27,light,14827B,All,R1-4,75,1,0,4,2020-08-27T07:16:11.655004Z,0
2020-08-27T07:16:34.248003Z,2020-08-27,light,14827B,All,R1-4,1010,8,"0,215,123,109,116,116,115,216",4,2020-08-27T07:16:35.258003Z,0
2020-08-27T07:16:38.588005Z,2020-08-27,light,14827B,All,R1-4,332,3,"0,217,115",4,2020-08-27T07:16:38.920005Z,0
2020-08-27T07:16:41.835997Z,2020-08-27,light,14827B,All,R1-4,1757,11,"0,216,115,116,117,314,117,114,117,116,415",4,2020-08-27T07:16:43.592997Z,0
2020-08-27T07:16:57.309001Z,2020-08-27,light,14827B,All,R1-4,16760,119,"0,215,117,116,114,117,216,615,117,115,114,117,115,117,115,115,117,115,117,116,114,118,115,115,116,116,115,117,116,114,116,117,114,117,116,115,117,114,117,115,117,214,116,117,115,116,116,115,116,116,115,117,114,117,117,114,116,117,115,115,116,116,116,117,115,115,116,115,117,116,216,114,116,117,115,142,89,117,116,114,118,115,115,116,115,116,117,115,116,115,116,116,116,115,116,117,114,117,116,115,116,615,117,116,114,117,116,115,116,116,115,117,114,416,216,915,118,615,116",4,2020-08-27T07:17:14.069001Z,0
2020-08-27T07:17:22.385003Z,2020-08-27,light,14827B,All,R1-4,877,6,"0,215,116,115,316,115",4,2020-08-27T07:17:23.262003Z,0
2020-08-27T07:17:32.029999Z,2020-08-27,light,14827B,All,R1-6,447,4,"0,217,116,114",4,2020-08-27T07:17:32.476999Z,0
2020-08-27T07:17:34.316005Z,2020-08-27,light,14827B,All,R1-5,1505,14,"0,116,115,116,117,115,116,115,117,116,114,117,115,116",4,2020-08-27T07:17:35.821005Z,0
2020-08-27T07:17:37.161001Z,2020-08-27,light,14827B,All,R1-7,75,1,0,4,2020-08-27T07:17:37.236001Z,0
2020-08-27T07:18:15.613001Z,2020-08-27,light,14827B,All,R1-3,1504,14,"0,116,116,114,116,115,118,114,116,116,115,118,115,115",4,2020-08-27T07:18:17.117001Z,0
2020-08-27T07:18:30.514004Z,2020-08-27,light,14827B,All,R1-2,693,7,"0,115,115,115,117,116,115",4,2020-08-27T07:18:31.207004Z,0
2020-08-27T07:18:42.375004Z,2020-08-27,light,14827B,All,R1-4,75,1,0,4,2020-08-27T07:18:42.450004Z,0
2020-08-27T07:20:28.202Z,2020-08-27,light,14827B,All,R1-4,331,3,"0,217,114",4,2020-08-27T07:20:28.533Z,0
2020-08-27T07:20:43.247999Z,2020-08-27,light,14827B,All,R1-4,1390,13,"0,117,116,116,116,114,116,118,114,116,116,116,115",4,2020-08-27T07:20:44.637999Z,0
2020-08-27T07:20:47.059Z,2020-08-27,light,14827B,All,R1-8,1273,12,"0,116,116,116,114,117,116,116,115,115,116,116",4,2020-08-27T07:20:48.332Z,0
2020-08-27T07:21:04.035001Z,2020-08-27,light,14827B,All,R1-9,463,5,"0,116,115,116,116",4,2020-08-27T07:21:04.498001Z,0
2020-08-27T07:21:07.466999Z,2020-08-27,light,14827B,All,R1-7,1474,12,"0,317,116,116,115,115,117,115,117,115,116,115",4,2020-08-27T07:21:08.940999Z,0
2020-08-27T07:21:14.786004Z,2020-08-27,light,14827B,All,R1-5,695,7,"0,115,117,115,117,130,101",4,2020-08-27T07:21:15.481004Z,0
2020-08-27T07:21:23.922Z,2020-08-27,light,14827B,All,R2-2,1505,14,"0,117,115,117,114,117,115,117,115,116,115,116,116,115",4,2020-08-27T07:21:25.427Z,0
2020-08-27T07:21:33.443004Z,2020-08-27,light,14827B,All,R2-2,75,1,0,4,2020-08-27T07:21:33.518004Z,0
2020-08-27T07:21:36.895997Z,2020-08-27,light,14827B,All,R1-5,925,9,"0,115,117,115,117,114,119,113,115",4,2020-08-27T07:21:37.820997Z,0
2020-08-27T07:22:05.423998Z,2020-08-27,light,14827B,All,R1-3,332,3,"0,215,117",4,2020-08-27T07:22:05.755998Z,0
2020-08-27T07:23:03.867999Z,2020-08-27,light,14827B,All,R1-3,2185,19,"0,218,114,117,115,115,116,116,116,115,116,117,115,116,115,117,115,117,115",4,2020-08-27T07:23:06.052999Z,0
2020-08-27T07:31:07.405003Z,2020-08-27,light,14827B,All,R1-3,3679,25,"0,216,116,117,114,116,117,114,116,117,116,114,117,116,114,116,117,116,115,116,116,116,816,114,217",4,2020-08-27T07:31:11.084002Z,0
2020-08-27T09:33:03.852Z,2020-08-27,light,14827B,All,R1-3,217,2,"0,217",4,2020-08-27T09:33:04.069Z,0
2020-08-27T09:46:39.719001Z,2020-08-27,light,14827B,All,R1-7,2878,25,"0,215,118,114,117,114,117,115,116,116,116,115,116,116,117,115,114,117,117,114,117,116,116,114,116",4,2020-08-27T09:46:42.597001Z,0
2020-08-27T09:46:54.967996Z,2020-08-27,light,14827B,All,R1-9,1388,13,"0,114,116,116,116,116,117,113,117,115,116,116,116",4,2020-08-27T09:46:56.355996Z,0
2020-08-27T09:47:09.471998Z,2020-08-27,light,14827B,All,R1-9,1157,11,"0,114,116,116,116,116,117,116,114,116,116",4,2020-08-27T09:47:10.628998Z,0
2020-08-27T09:47:23.112001Z,2020-08-27,light,14827B,All,R1-7,1605,14,"0,242,88,116,116,117,116,116,113,117,116,116,116,116",4,2020-08-27T09:47:24.717001Z,0
2020-08-27T09:47:28.506998Z,2020-08-27,light,14827B,All,R1-3,695,7,"0,116,116,116,117,113,117",4,2020-08-27T09:47:29.201998Z,0
2020-08-27T09:47:33.063Z,2020-08-27,light,14827B,All,R1-2,1158,11,"0,115,117,115,117,115,115,117,115,115,117",4,2020-08-27T09:47:34.221Z,0
2020-08-27T09:52:03.269003Z,2020-08-27,light,14827B,All,R1-2,796,7,"0,217,116,114,116,117,116",4,2020-08-27T09:52:04.065003Z,0
2020-08-27T09:52:12.295998Z,2020-08-27,light,14827B,All,R1-3,1157,11,"0,115,115,116,115,118,115,115,115,118,115",4,2020-08-27T09:52:13.452998Z,0
2020-08-27T09:52:24.283005Z,2020-08-27,light,14827B,All,R1-5,894,7,"0,316,115,115,118,116,114",4,2020-08-27T09:52:25.177005Z,0
2020-08-27T09:52:27.598Z,2020-08-27,light,14827B,All,R1-6,2084,19,"0,115,117,115,115,117,115,142,91,115,116,116,114,116,117,115,116,116,116",4,2020-08-27T09:52:29.682Z,0
2020-08-27T09:52:36.803998Z,2020-08-27,light,14827B,All,R1-4,562,5,"0,214,117,115,116",4,2020-08-27T09:52:37.365998Z,0
2020-08-27T09:52:45.982002Z,2020-08-27,light,14827B,All,R1-4,909,8,"0,214,116,117,114,118,115,115",4,2020-08-27T09:52:46.891002Z,0
2020-08-27T09:52:50.773995Z,2020-08-27,light,14827B,All,R1-8,926,9,"0,117,115,115,117,115,115,116,116",4,2020-08-27T09:52:51.699996Z,0
2020-08-27T09:52:52.759001Z,2020-08-27,light,14827B,All,R1-9,331,3,"0,216,115",4,2020-08-27T09:52:53.090001Z,0
2020-08-27T09:52:55.807003Z,2020-08-27,light,14827B,All,R1-9,4061,24,"0,215,616,115,117,115,115,118,132,98,215,817,116,126,105,116,116,116,116,115,115,115,118,114",4,2020-08-27T09:52:59.868003Z,0
2020-08-27T09:53:10.784002Z,2020-08-27,light,14827B,All,R1-9,696,7,"0,115,116,116,117,116,116",4,2020-08-27T09:53:11.480002Z,0
2020-08-27T09:53:18.495004Z,2020-08-27,light,14827B,All,R1-9,1803,14,"0,215,116,115,117,114,118,113,117,116,116,216,216,114",4,2020-08-27T09:53:20.298004Z,0
2020-08-27T09:53:24.685996Z,2020-08-27,light,14827B,All,R1-7,1142,10,"0,217,115,117,115,115,116,117,115,115",4,2020-08-27T09:53:25.827996Z,0
2020-08-27T09:53:46.548004Z,2020-08-27,light,14827B,All,R1-7,1837,16,"0,217,116,115,117,114,116,115,116,116,115,118,115,116,116,115",4,2020-08-27T09:53:48.385004Z,0
2020-08-27T09:53:50.699999Z,2020-08-27,light,14827B,All,R1-7,1258,11,"0,216,116,115,117,116,114,117,116,116,115",4,2020-08-27T09:53:51.957999Z,0
2020-08-27T09:54:39.002999Z,2020-08-27,light,14827B,All,R1-7,1374,12,"0,215,116,116,118,114,115,115,116,116,116,117",4,2020-08-27T09:54:40.376999Z,0
2020-08-27T09:54:56.501004Z,2020-08-27,light,14827B,All,R1-7,75,1,0,4,2020-08-27T09:54:56.576004Z,0
2020-08-27T09:54:58.270Z,2020-08-27,light,14827B,All,R1-5,117,2,"0,117",4,2020-08-27T09:54:58.387001Z,0
2020-08-27T09:55:17.657996Z,2020-08-27,light,14827B,All,R1-6,2895,26,"0,116,116,115,117,115,115,116,118,114,117,116,114,116,116,117,115,116,115,116,115,116,117,115,115,117",4,2020-08-27T09:55:20.552996Z,0
2020-08-27T09:55:24.086001Z,2020-08-27,light,14827B,All,R1-4,1041,10,"0,115,117,116,115,117,114,117,114,116",4,2020-08-27T09:55:25.127001Z,0
2020-08-27T09:55:33.804998Z,2020-08-27,light,14827B,All,R1-2,694,7,"0,116,115,116,115,116,116",4,2020-08-27T09:55:34.498998Z,0
2020-08-27T09:55:40.120Z,2020-08-27,light,14827B,All,R1-3,1140,10,"0,214,116,116,116,116,115,116,116,115",4,2020-08-27T09:55:41.260Z,0
2020-08-27T09:55:46.451998Z,2020-08-27,light,14827B,All,R1-7,1357,11,"0,315,116,115,117,116,114,116,116,117,115",4,2020-08-27T09:55:47.808998Z,0
2020-08-27T09:55:51.704996Z,2020-08-27,light,14827B,All,R1-9,931,9,"0,116,116,138,100,109,128,104,120",4,2020-08-27T09:55:52.635996Z,0
2020-08-27T09:56:01.435002Z,2020-08-27,light,14827B,All,R1-9,116,2,"0,116",4,2020-08-27T09:56:01.551002Z,0
2020-08-27T09:56:03.275002Z,2020-08-27,light,14827B,All,R1-8,811,8,"0,114,118,115,116,115,115,118",4,2020-08-27T09:56:04.086002Z,0
2020-08-27T09:56:05.456999Z,2020-08-27,light,14827B,All,R1-4,562,5,"0,215,116,117,114",4,2020-08-27T09:56:06.018999Z,0
2020-08-27T09:56:27.445004Z,2020-08-27,light,14827B,All,R1-6,2415,21,"0,216,116,115,116,116,115,118,115,114,116,116,116,115,116,118,113,117,115,118,114",4,2020-08-27T09:56:29.860004Z,0
2020-08-27T09:56:31.691003Z,2020-08-27,light,14827B,All,R1-4,695,7,"0,116,116,117,114,115,117",4,2020-08-27T09:56:32.386003Z,0
2020-08-27T09:56:58.800998Z,2020-08-27,light,14827B,All,R1-2,693,7,"0,116,115,116,116,115,115",4,2020-08-27T09:56:59.493998Z,0
2020-08-27T09:57:09.375001Z,2020-08-27,light,14827B,All,R1-3,1043,10,"0,117,115,115,118,115,116,116,115,116",4,2020-08-27T09:57:10.418001Z,0
2020-08-27T09:59:12.363Z,2020-08-27,light,14827B,All,R1-3,1272,12,"0,115,116,115,116,115,118,115,115,162,69,116",4,2020-08-27T09:59:13.635Z,0
2020-08-27T09:59:16.792996Z,2020-08-27,light,14827B,All,R1-2,809,8,"0,115,115,118,115,116,116,114",4,2020-08-27T09:59:17.601996Z,0
2020-08-27T09:59:22.359998Z,2020-08-27,light,14827B,All,R1-2,232,3,"0,117,115",4,2020-08-27T09:59:22.591998Z,0
2020-08-27T09:59:29.255998Z,2020-08-27,light,14827B,All,R1-3,1620,15,"0,115,117,115,117,115,115,115,118,114,116,117,114,117,115",4,2020-08-27T09:59:30.875998Z,0
2020-08-27T09:59:32.310997Z,2020-08-27,light,14827B,All,R1-7,1156,11,"0,117,114,116,116,115,117,116,114,116,115",4,2020-08-27T09:59:33.466997Z,0
2020-08-27T09:59:35.654997Z,2020-08-27,light,14827B,All,R1-9,579,6,"0,116,115,116,115,117",4,2020-08-27T09:59:36.233997Z,0
2020-08-27T09:59:52.676998Z,2020-08-27,light,14827B,All,R1-8,1378,6,"0,216,115,817,115,115",4,2020-08-27T09:59:54.054998Z,0
2020-08-27T10:00:03.052999Z,2020-08-27,light,14827B,All,R1-9,905,7,"0,215,117,114,117,115,227",4,2020-08-27T10:00:03.957999Z,0
2020-08-27T10:00:07.463002Z,2020-08-27,light,14827B,All,R1-9,3215,21,"0,216,116,114,115,117,116,115,118,115,116,115,115,916,117,114,116,117,116,115,116",4,2020-08-27T10:00:10.678002Z,0
2020-08-27T10:00:17.657001Z,2020-08-27,light,14827B,All,R1-9,75,1,0,4,2020-08-27T10:00:17.732001Z,0
2020-08-27T10:01:08.220Z,2020-08-27,light,14827B,All,R1-9,1527,9,"0,217,616,116,116,115,116,116,115",4,2020-08-27T10:01:09.747Z,0
2020-08-27T10:01:11.362998Z,2020-08-27,light,14827B,All,R1-9,1489,13,"0,215,116,116,116,116,115,117,116,115,115,115,117",4,2020-08-27T10:01:12.851998Z,0
2020-08-27T10:01:15.156002Z,2020-08-27,light,14827B,All,R1-7,1389,13,"0,116,117,114,116,117,137,95,114,116,117,115,115",4,2020-08-27T10:01:16.545002Z,0
2020-08-27T10:01:18.737999Z,2020-08-27,light,14827B,All,R1-3,1041,10,"0,116,116,115,117,115,116,115,116,115",4,2020-08-27T10:01:19.778999Z,0
2020-08-27T10:01:25.174004Z,2020-08-27,light,14827B,All,R1-2,695,7,"0,117,115,117,115,116,115",4,2020-08-27T10:01:25.869004Z,0
2020-08-27T10:01:29.262996Z,2020-08-27,light,14827B,All,R1-4,695,7,"0,117,114,116,117,115,116",4,2020-08-27T10:01:29.957996Z,0
2020-08-27T10:43:41.249996Z,2020-08-27,light,14827B,All,R1-6,563,5,"0,216,116,117,114",4,2020-08-27T10:43:41.812996Z,0
2020-08-27T10:54:03.113003Z,2020-08-27,light,14827B,All,R1-6,75,1,0,4,2020-08-27T10:54:03.188003Z,0
2020-08-27T11:36:19.083Z,2020-08-27,light,14827B,All,R1-4,3572,31,"0,214,118,115,115,116,115,117,116,115,115,118,115,115,116,116,115,116,115,117,114,117,117,115,116,116,115,116,116,116,115",4,2020-08-27T11:36:22.655Z,0
2020-08-27T11:37:02.807Z,2020-08-27,light,14827B,All,R1-2,2898,20,"0,714,117,216,115,116,116,115,117,116,114,116,117,115,117,115,116,115,116,115",4,2020-08-27T11:37:05.705Z,0
2020-08-27T11:37:24.621997Z,2020-08-27,light,14827B,All,R1-2,462,5,"0,114,117,116,115",4,2020-08-27T11:37:25.083997Z,0
2020-08-27T11:40:09.186997Z,2020-08-27,light,14827B,All,R1-4,75,1,0,4,2020-08-27T11:40:09.261997Z,0
2020-08-27T11:47:40.607999Z,2020-08-27,light,14827B,All,R1-2,463,5,"0,115,117,114,117",4,2020-08-27T11:47:41.070999Z,0
2020-08-27T11:50:06.202003Z,2020-08-27,light,14827B,All,R1-3,1507,14,"0,117,116,115,116,115,118,115,115,116,115,120,113,116",4,2020-08-27T11:50:07.709003Z,0
2020-08-27T11:50:23.837004Z,2020-08-27,light,14827B,All,R1-7,1723,15,"0,217,115,117,115,115,132,101,115,116,115,117,115,115,118",4,2020-08-27T11:50:25.560004Z,0
2020-08-27T11:50:41.487002Z,2020-08-27,light,14827B,All,R1-9,928,9,"0,116,115,118,115,115,116,115,118",4,2020-08-27T11:50:42.415002Z,0
2020-08-27T11:50:51.117Z,2020-08-27,light,14827B,All,R1-9,349,4,"0,117,115,117",4,2020-08-27T11:50:51.466Z,0
2020-08-27T11:52:35.983997Z,2020-08-27,light,14827B,All,R1-7,925,9,"0,116,115,116,114,118,114,117,115",4,2020-08-27T11:52:36.908997Z,0
2020-08-27T11:53:00.039002Z,2020-08-27,light,14827B,All,R1-7,2199,20,"0,116,115,116,117,116,115,115,116,116,116,115,117,115,116,116,116,116,114,116",4,2020-08-27T11:53:02.238002Z,0
2020-08-27T11:53:08.940Z,2020-08-27,light,14827B,All,R1-9,465,5,"0,118,115,116,116",4,2020-08-27T11:53:09.404999Z,0
2020-08-27T11:53:12.367997Z,2020-08-27,light,14827B,All,R1-8,926,9,"0,114,116,116,117,116,114,116,117",4,2020-08-27T11:53:13.293997Z,0
2020-08-27T11:53:29.975997Z,2020-08-27,light,14827B,All,R1-4,1951,17,"0,214,116,115,117,116,115,116,116,115,115,118,116,115,116,115,116",4,2020-08-27T11:53:31.926997Z,0
2020-08-27T11:53:39.467003Z,2020-08-27,light,14827B,All,R1-2,694,7,"0,115,116,118,114,116,115",4,2020-08-27T11:53:40.161003Z,0
2020-08-27T11:53:48.123998Z,2020-08-27,light,14827B,All,R1-3,925,9,"0,117,114,116,116,117,115,115,115",4,2020-08-27T11:53:49.048998Z,0
2020-08-27T11:53:53.044995Z,2020-08-27,light,14827B,All,R1-7,912,8,"0,217,116,116,117,114,115,117",4,2020-08-27T11:53:53.956995Z,0
2020-08-27T11:54:00.485997Z,2020-08-27,light,14827B,All,R1-9,1272,12,"0,114,117,116,115,116,116,116,114,117,116,115",4,2020-08-27T11:54:01.757997Z,0
2020-08-27T11:55:20.637999Z,2020-08-27,light,14827B,All,R1-9,1373,12,"0,217,115,116,116,116,114,116,117,115,115,116",4,2020-08-27T11:55:22.010998Z,0
2020-08-27T11:56:16.323999Z,2020-08-27,light,14827B,All,R1-9,580,6,"0,117,116,115,116,116",4,2020-08-27T11:56:16.903999Z,0
2020-08-27T11:56:17.502996Z,2020-08-27,light,14827B,All,R1-8,350,4,"0,120,110,120",4,2020-08-27T11:56:17.852996Z,0
2020-08-27T11:56:18.393003Z,2020-08-27,light,14827B,All,R1-4,1028,10,"0,103,127,120,111,110,120,110,112,115",4,2020-08-27T11:56:19.421003Z,0
2020-08-27T11:57:41.580003Z,2020-08-27,light,14827B,All,R1-4,217,2,"0,217",4,2020-08-27T11:57:41.797003Z,0
2020-08-27T11:57:44.113Z,2020-08-27,light,14827B,All,R1-4,75,1,0,4,2020-08-27T11:57:44.188Z,0
