IdLabel,Date,Week,Day,Phase,DateTime_in,DateTime_out,Duration,Group,unitLabel_from,unitLabel_to,Cage,Segment_type,Cage_type,Distance,Height,Crossing_step,Crossing,Crossing_length,Age_in_months
16509C,2020-08-26,1,3,light,2020-08-26T10:08:34.223998Z,2020-08-26T10:08:43.032001Z,8.808,All,R3-9,R3-8,Cage 3-6,1,1,177.597860347472,0,0,32336,0,20
16509C,2020-08-26,1,3,light,2020-08-26T00:53:19.046002Z,2020-08-26T00:53:21.828998Z,2.783,All,R3-9,R3-9,0,0,,0,0,0,32216,0,20
16509C,2020-08-26,1,3,light,2020-08-26T10:05:44.303Z,2020-08-26T10:05:58.306004Z,14.003,All,R3-7,R3-7,0,0,,0,0,0,32333,0,20
16509C,2020-08-26,1,3,light,2020-08-26T03:30:42.191Z,2020-08-26T03:30:43.811001Z,1.62,All,R3-1,R3-2,Tube 2:3,1,2,132,0,1,32298,1,20
16509C,2020-08-26,1,3,light,2020-08-26T00:53:21.828998Z,2020-08-26T00:54:40.051999Z,78.223,All,R3-9,R3-9,0,0,,0,0,0,32217,0,20
16509C,2020-08-26,1,3,light,2020-08-26T00:18:50.984001Z,2020-08-26T00:18:53.963998Z,2.98,All,R3-6,R3-3,Cage 3-3,1,1,288.591406663469,0,0,32149,0,20
16509C,2020-08-26,1,3,light,2020-08-26T00:18:48.050004Z,2020-08-26T00:18:50.984001Z,2.934,All,R3-4,R3-6,Cage 3-4,1,1,177.597860347472,0,0,32148,0,20
16509C,2020-08-26,1,3,light,2020-08-26T03:29:53.920004Z,2020-08-26T03:29:59.651002Z,5.731,All,R3-2,R3-1,Tube 2:3,1,2,132,0,1,32296,1,20
16509C,2020-08-26,1,3,light,2020-08-26T01:20:06.603003Z,2020-08-26T01:20:10.922Z,4.319,All,R3-8,R3-6,Cage 3-4,1,1,177.597860347472,0,0,32246,0,20
16509C,2020-08-26,1,3,light,2020-08-26T03:30:43.811001Z,2020-08-26T03:30:47.460001Z,3.649,All,R3-2,R3-4,Cage 3-2,1,1,177.597860347472,0,0,32299,0,20
16509C,2020-08-26,1,3,light,2020-08-26T07:37:39.899Z,2020-08-26T07:38:30.868002Z,50.969,All,R3-4,R3-8,Cage 3-4,1,1,242,0,1,32319,1,20
16509C,2020-08-26,1,3,light,2020-08-26T03:29:36.058998Z,2020-08-26T03:29:45.731996Z,9.673,All,R3-8,R3-4,Cage 3-4,1,1,242,0,1,32294,1,20
16509C,2020-08-26,1,3,light,2020-08-26T07:34:27.406004Z,2020-08-26T07:34:36.979996Z,9.574,All,R3-7,R3-3,Cage 3-3,1,1,242,0,1,32312,1,20
16509C,2020-08-26,1,3,light,2020-08-26T07:34:19.511999Z,2020-08-26T07:34:27.406004Z,7.894,All,R3-9,R3-7,Cage 3-5,1,1,288.591406663469,0,0,32311,0,20
16509C,2020-08-26,1,3,light,2020-08-26T03:29:59.651002Z,2020-08-26T03:30:42.191Z,42.54,All,R3-1,R3-1,0,0,,0,0,0,32297,0,20
16509C,2020-08-26,1,3,light,2020-08-26T00:14:35.426996Z,2020-08-26T00:15:14.814Z,39.387,All,R3-9,R3-9,0,0,,0,0,0,32134,0,20
16509C,2020-08-26,1,3,light,2020-08-26T07:37:25.495999Z,2020-08-26T07:37:39.899Z,14.403,All,R3-4,R3-4,0,0,,0,0,0,32318,0,20
16509C,2020-08-26,1,3,light,2020-08-26T01:34:48.364001Z,2020-08-26T01:35:03.524004Z,15.16,All,R3-8,R3-6,Cage 3-4,1,1,177.597860347472,0,0,32276,0,20
16509C,2020-08-26,1,3,light,2020-08-26T07:35:29.069001Z,2020-08-26T07:35:31.048002Z,1.979,All,R3-4,R3-4,0,0,,0,0,0,32315,0,20
16509C,2020-08-26,1,3,light,2020-08-26T10:05:14.140Z,2020-08-26T10:05:44.303Z,30.163,All,R3-7,R3-7,0,0,,0,0,0,32332,0,20
16509C,2020-08-26,1,3,light,2020-08-26T07:34:36.979996Z,2020-08-26T07:34:49.049998Z,12.07,All,R3-3,R3-6,Cage 3-3,1,1,288.591406663469,0,0,32313,0,20
16509C,2020-08-26,1,3,light,2020-08-26T07:47:55.705998Z,2020-08-26T08:05:22.186004Z,1046.48,All,R3-8,R3-8,0,0,,0,0,0,32321,0,20
16509C,2020-08-26,1,3,light,2020-08-26T03:29:45.731996Z,2020-08-26T03:29:53.920004Z,8.188,All,R3-4,R3-2,Cage 3-2,1,1,177.597860347472,0,0,32295,0,20
16509C,2020-08-26,1,3,light,2020-08-26T00:19:03.221999Z,2020-08-26T00:19:08.891999Z,5.67,All,R3-4,R3-8,Cage 3-4,1,1,242,0,1,32154,1,20
16509C,2020-08-26,1,3,light,2020-08-26T07:35:31.048002Z,2020-08-26T07:35:52.532001Z,21.484,All,R3-4,R3-4,0,0,,0,0,0,32316,0,20
16509C,2020-08-26,1,3,light,2020-08-26T07:30:00.257999Z,2020-08-26T07:34:14.206996Z,253.949,All,R3-4,R3-8,Cage 3-4,1,1,242,0,1,32309,1,20
16509C,2020-08-26,1,3,light,2020-08-26T10:55:13.656003Z,2020-08-26T10:55:21.826005Z,8.17,All,R3-8,R3-4,Cage 3-4,1,1,242,0,1,32379,1,20
16509C,2020-08-26,1,3,light,2020-08-26T07:28:06.189004Z,2020-08-26T07:29:34.497001Z,88.308,All,R3-2,R3-4,Cage 3-2,1,1,177.597860347472,0,0,32307,0,20
16509C,2020-08-26,1,3,light,2020-08-26T10:25:25.535004Z,2020-08-26T10:25:36.557Z,11.022,All,R3-4,R3-8,Cage 3-4,1,1,242,0,1,32353,1,20
16509C,2020-08-26,1,3,light,2020-08-26T01:20:03.247003Z,2020-08-26T01:20:06.603003Z,3.356,All,R3-9,R3-8,Cage 3-6,1,1,177.597860347472,0,0,32245,0,20
16509C,2020-08-26,1,3,light,2020-08-26T07:28:04.179003Z,2020-08-26T07:28:06.189004Z,2.01,All,R3-1,R3-2,Tube 2:3,1,2,132,0,1,32306,1,20
16509C,2020-08-26,1,3,light,2020-08-26T00:17:28.049997Z,2020-08-26T00:18:15.737Z,47.687,All,R3-7,R3-7,0,0,,0,0,0,32143,0,20
16509C,2020-08-26,1,3,light,2020-08-26T03:28:34.999003Z,2020-08-26T03:28:39.121Z,4.122,All,R3-4,R3-8,Cage 3-4,1,1,242,0,1,32292,1,20
16509C,2020-08-26,1,3,light,2020-08-26T00:06:55.681001Z,2020-08-26T00:07:08.044998Z,12.364,All,R3-1,R3-3,Cage 3-1,1,1,177.597860347472,0,0,32105,0,20
16509C,2020-08-26,1,3,light,2020-08-26T07:34:14.206996Z,2020-08-26T07:34:19.511999Z,5.305,All,R3-8,R3-9,Cage 3-6,1,1,177.597860347472,0,0,32310,0,20
16509C,2020-08-26,1,3,light,2020-08-26T00:37:11.640997Z,2020-08-26T00:37:42.602998Z,30.962,All,R3-8,R3-8,0,0,,0,0,0,32188,0,20
16509C,2020-08-26,1,3,light,2020-08-26T07:35:52.532001Z,2020-08-26T07:37:25.495999Z,92.964,All,R3-4,R3-4,0,0,,0,0,0,32317,0,20
16509C,2020-08-26,1,3,light,2020-08-26T00:18:29.397004Z,2020-08-26T00:18:48.050004Z,18.653,All,R3-2,R3-4,Cage 3-2,1,1,177.597860347472,0,0,32147,0,20
16509C,2020-08-26,1,3,light,2020-08-26T00:19:01.152002Z,2020-08-26T00:19:03.221999Z,2.07,All,R3-2,R3-4,Cage 3-2,1,1,177.597860347472,0,0,32153,0,20
16509C,2020-08-26,1,3,light,2020-08-26T01:27:17.033003Z,2020-08-26T01:27:20.654001Z,3.621,All,R3-3,R3-1,Cage 3-1,1,1,177.597860347472,0,0,32262,0,20
16509C,2020-08-26,1,3,light,2020-08-26T01:27:44.195996Z,2020-08-26T01:27:46.047004Z,1.851,All,R3-7,R3-6,Cage 3-3,1,1,288.591406663469,0,0,32268,0,20
16509C,2020-08-26,1,3,light,2020-08-26T07:34:49.049998Z,2020-08-26T07:35:29.069001Z,40.019,All,R3-6,R3-4,Cage 3-4,1,1,177.597860347472,0,0,32314,0,20
16509C,2020-08-26,1,3,light,2020-08-26T01:14:49.264003Z,2020-08-26T01:14:53.167002Z,3.903,All,R3-2,R3-4,Cage 3-2,1,1,177.597860347472,0,0,32238,0,20
16509C,2020-08-26,1,3,light,2020-08-26T10:02:50.969998Z,2020-08-26T10:03:43.098998Z,52.129,All,R3-1,R3-3,Cage 3-1,1,1,177.597860347472,0,0,32329,0,20
16509C,2020-08-26,1,3,light,2020-08-26T10:21:55.385001Z,2020-08-26T10:22:00.110001Z,4.725,All,R3-9,R3-8,Cage 3-6,1,1,177.597860347472,0,0,32344,0,20
16509C,2020-08-26,1,3,light,2020-08-26T10:29:21.483001Z,2020-08-26T10:31:17.178001Z,115.695,All,R3-8,R3-8,0,0,,0,0,0,32357,0,20
16509C,2020-08-26,1,3,light,2020-08-26T10:31:23.640997Z,2020-08-26T10:32:07.753001Z,44.112,All,R3-8,R3-8,0,0,,0,0,0,32359,0,20
16509C,2020-08-26,1,3,light,2020-08-26T00:18:56.250003Z,2020-08-26T00:19:00.374005Z,4.124,All,R3-1,R3-2,Tube 2:3,1,2,132,0,1,32151,1,20
16509C,2020-08-26,1,3,light,2020-08-26T01:27:46.047004Z,2020-08-26T01:31:55.196999Z,249.15,All,R3-6,R3-6,0,0,,0,0,0,32269,0,20
16509C,2020-08-26,1,3,light,2020-08-26T03:28:30.031003Z,2020-08-26T03:28:34.999003Z,4.968,All,R3-4,R3-4,0,0,,0,0,0,32291,0,20
16509C,2020-08-26,1,3,light,2020-08-26T03:31:10.068004Z,2020-08-26T03:31:31.693Z,21.625,All,R3-7,R3-7,0,0,,0,0,0,32303,0,20
16509C,2020-08-26,1,3,light,2020-08-26T03:31:35.301996Z,2020-08-26T07:28:04.179003Z,14188.877,All,R3-3,R3-1,Cage 3-1,1,1,177.597860347472,0,0,32305,0,20
16509C,2020-08-26,1,3,light,2020-08-26T00:11:22.677003Z,2020-08-26T00:12:36.826002Z,74.149,All,R3-7,R3-7,0,0,,0,0,0,32124,0,20
16509C,2020-08-26,1,3,light,2020-08-26T10:06:16.138999Z,2020-08-26T10:08:34.223998Z,138.085,All,R3-9,R3-9,0,0,,0,0,0,32335,0,20
16509C,2020-08-26,1,3,light,2020-08-26T00:36:41.339005Z,2020-08-26T00:36:45.580Z,4.241,All,R3-9,R3-7,Cage 3-5,1,1,288.591406663469,0,0,32183,0,20
16509C,2020-08-26,1,3,light,2020-08-26T01:14:41.257003Z,2020-08-26T01:14:47.836Z,6.579,All,R3-3,R3-1,Cage 3-1,1,1,177.597860347472,0,0,32236,0,20
16509C,2020-08-26,1,3,light,2020-08-26T00:23:40.892004Z,2020-08-26T00:23:54.638001Z,13.746,All,R3-4,R3-4,0,0,,0,0,0,32162,0,20
16509C,2020-08-26,1,3,light,2020-08-26T10:22:00.110001Z,2020-08-26T10:22:03.050003Z,2.94,All,R3-8,R3-8,0,0,,0,0,0,32345,0,20
16509C,2020-08-26,1,3,light,2020-08-26T03:28:39.121Z,2020-08-26T03:29:36.058998Z,56.938,All,R3-8,R3-8,0,0,,0,0,0,32293,0,20
16509C,2020-08-26,1,3,light,2020-08-26T00:07:25.023003Z,2020-08-26T00:07:29.933996Z,4.911,All,R3-9,R3-8,Cage 3-6,1,1,177.597860347472,0,0,32110,0,20
16509C,2020-08-26,1,3,light,2020-08-26T07:29:34.497001Z,2020-08-26T07:30:00.257999Z,25.761,All,R3-4,R3-4,0,0,,0,0,0,32308,0,20
16509C,2020-08-26,1,3,light,2020-08-26T01:26:33.038002Z,2020-08-26T01:26:36.353999Z,3.316,All,R3-6,R3-8,Cage 3-4,1,1,177.597860347472,0,0,32256,0,20
16509C,2020-08-26,1,3,light,2020-08-26T10:55:25.837003Z,2020-08-26T10:55:26.665Z,0.828,All,R3-2,R3-1,Tube 2:3,1,2,132,0,1,32381,1,20
16509C,2020-08-26,1,3,light,2020-08-26T10:55:21.826005Z,2020-08-26T10:55:25.837003Z,4.011,All,R3-4,R3-2,Cage 3-2,1,1,177.597860347472,0,0,32380,0,20
16509C,2020-08-26,1,3,light,2020-08-26T02:19:12.651001Z,2020-08-26T02:19:18.133997Z,5.483,All,R3-2,R3-4,Cage 3-2,1,1,177.597860347472,0,0,32280,0,20
16509C,2020-08-26,1,3,light,2020-08-26T00:18:53.963998Z,2020-08-26T00:18:56.250003Z,2.286,All,R3-3,R3-1,Cage 3-1,1,1,177.597860347472,0,0,32150,0,20
16509C,2020-08-26,1,3,light,2020-08-26T01:26:36.353999Z,2020-08-26T01:26:42.396003Z,6.042,All,R3-8,R3-9,Cage 3-6,1,1,177.597860347472,0,0,32257,0,20
16509C,2020-08-26,1,3,light,2020-08-26T10:02:43.623001Z,2020-08-26T10:02:50.969998Z,7.347,All,R3-2,R3-1,Tube 2:3,1,2,132,0,1,32328,1,20
16509C,2020-08-26,1,3,light,2020-08-26T03:26:36.693997Z,2020-08-26T03:28:28.353996Z,111.66,All,R3-4,R3-6,Cage 3-4,1,1,177.597860347472,0,0,32289,0,20
16509C,2020-08-26,1,3,light,2020-08-26T10:04:29.017998Z,2020-08-26T10:05:14.140Z,45.122,All,R3-7,R3-7,0,0,,0,0,0,32331,0,20
16509C,2020-08-26,1,3,light,2020-08-26T00:14:30.332999Z,2020-08-26T00:14:35.426996Z,5.094,All,R3-8,R3-9,Cage 3-6,1,1,177.597860347472,0,0,32133,0,20
16509C,2020-08-26,1,3,light,2020-08-26T07:38:30.868002Z,2020-08-26T07:47:55.705998Z,564.838,All,R3-8,R3-8,0,0,,0,0,0,32320,0,20
16509C,2020-08-26,1,3,light,2020-08-26T00:18:25.498999Z,2020-08-26T00:18:29.397004Z,3.898,All,R3-1,R3-2,Tube 2:3,1,2,132,0,1,32146,1,20
16509C,2020-08-26,1,3,light,2020-08-26T01:14:47.836Z,2020-08-26T01:14:49.264003Z,1.428,All,R3-1,R3-2,Tube 2:3,1,2,132,0,1,32237,1,20
16509C,2020-08-26,1,3,light,2020-08-26T01:15:57.049002Z,2020-08-26T01:19:08.395997Z,191.347,All,R3-4,R3-8,Cage 3-4,1,1,242,0,1,32241,1,20
16509C,2020-08-26,1,3,light,2020-08-26T10:24:07.497996Z,2020-08-26T10:24:17.085001Z,9.587,All,R3-4,R3-4,0,0,,0,0,0,32347,0,20
16509C,2020-08-26,1,3,light,2020-08-26T10:31:17.178001Z,2020-08-26T10:31:23.640997Z,6.463,All,R3-8,R3-8,0,0,,0,0,0,32358,0,20
16509C,2020-08-26,1,3,light,2020-08-26T10:32:50.396999Z,2020-08-26T10:32:57.010998Z,6.614,All,R3-9,R3-7,Cage 3-5,1,1,288.591406663469,0,0,32362,0,20
16509C,2020-08-26,1,3,light,2020-08-26T01:26:42.396003Z,2020-08-26T01:27:02.435999Z,20.04,All,R3-9,R3-9,0,0,,0,0,0,32258,0,20
16509C,2020-08-26,1,3,light,2020-08-26T10:22:03.050003Z,2020-08-26T10:24:07.497996Z,124.448,All,R3-8,R3-4,Cage 3-4,1,1,242,0,1,32346,1,20
16509C,2020-08-26,1,3,light,2020-08-26T01:27:36.712996Z,2020-08-26T01:27:44.195996Z,7.483,All,R3-9,R3-7,Cage 3-5,1,1,288.591406663469,0,0,32267,0,20
16509C,2020-08-26,1,3,light,2020-08-26T00:06:53.904004Z,2020-08-26T00:06:55.681001Z,1.777,All,R3-2,R3-1,Tube 2:3,1,2,132,0,1,32104,1,20
16509C,2020-08-26,1,3,light,2020-08-26T00:07:19.307998Z,2020-08-26T00:07:19.971999Z,0.664,All,R3-7,R3-7,0,0,,0,0,0,32108,0,20
16509C,2020-08-26,1,3,light,2020-08-26T00:36:10.451005Z,2020-08-26T00:36:41.339005Z,30.888,All,R3-9,R3-9,0,0,,0,0,0,32182,0,20
16509C,2020-08-26,1,3,light,2020-08-26T00:36:45.580Z,2020-08-26T00:36:47.676003Z,2.096,All,R3-7,R3-6,Cage 3-3,1,1,288.591406663469,0,0,32184,0,20
16509C,2020-08-26,1,3,light,2020-08-26T10:05:58.306004Z,2020-08-26T10:06:16.138999Z,17.833,All,R3-7,R3-9,Cage 3-5,1,1,288.591406663469,0,0,32334,0,20
16509C,2020-08-26,1,3,light,2020-08-26T00:37:45.521996Z,2020-08-26T00:37:54.755002Z,9.233,All,R3-4,R3-2,Cage 3-2,1,1,177.597860347472,0,0,32190,0,20
16509C,2020-08-26,1,3,light,2020-08-26T00:19:00.374005Z,2020-08-26T00:19:01.152002Z,0.778,All,R3-2,R3-2,0,0,,0,0,0,32152,0,20
16509C,2020-08-26,1,3,light,2020-08-26T02:19:07.748Z,2020-08-26T02:19:12.651001Z,4.903,All,R3-1,R3-2,Tube 2:3,1,2,132,0,1,32279,1,20
16509C,2020-08-26,1,3,light,2020-08-26T03:26:19.305004Z,2020-08-26T03:26:36.693997Z,17.389,All,R3-4,R3-4,0,0,,0,0,0,32288,0,20
16509C,2020-08-26,1,3,light,2020-08-26T00:11:08.954005Z,2020-08-26T00:11:14.600996Z,5.647,All,R3-6,R3-8,Cage 3-4,1,1,177.597860347472,0,0,32121,0,20
16509C,2020-08-26,1,3,light,2020-08-26T00:15:14.814Z,2020-08-26T00:15:16.362003Z,1.548,All,R3-9,R3-8,Cage 3-6,1,1,177.597860347472,0,0,32135,0,20
16509C,2020-08-26,1,3,light,2020-08-26T00:19:08.891999Z,2020-08-26T00:20:01.343002Z,52.451,All,R3-8,R3-9,Cage 3-6,1,1,177.597860347472,0,0,32155,0,20
16509C,2020-08-26,1,3,light,2020-08-26T10:29:10.530005Z,2020-08-26T10:29:21.483001Z,10.953,All,R3-6,R3-8,Cage 3-4,1,1,177.597860347472,0,0,32356,0,20
16509C,2020-08-26,1,3,light,2020-08-26T00:07:19.971999Z,2020-08-26T00:07:25.023003Z,5.051,All,R3-7,R3-9,Cage 3-5,1,1,288.591406663469,0,0,32109,0,20
16509C,2020-08-26,1,3,light,2020-08-26T00:03:08.696002Z,2020-08-26T00:04:34.665004Z,85.969,All,R3-7,R3-7,0,0,,0,0,0,32098,0,20
16509C,2020-08-26,1,3,light,2020-08-26T01:23:43.533998Z,2020-08-26T01:26:20.502Z,156.968,All,R3-9,R3-9,0,0,,0,0,0,32253,0,20
16509C,2020-08-26,1,3,light,2020-08-26T10:51:22.208996Z,2020-08-26T10:51:27.439998Z,5.231,All,R3-4,R3-4,0,0,,0,0,0,32374,0,20
16509C,2020-08-26,1,3,light,2020-08-26T00:12:52.244003Z,2020-08-26T00:12:53.558001Z,1.314,All,R3-8,R3-9,Cage 3-6,1,1,177.597860347472,0,0,32127,0,20
16509C,2020-08-26,1,3,light,2020-08-26T10:03:43.098998Z,2020-08-26T10:04:29.017998Z,45.919,All,R3-3,R3-7,Cage 3-3,1,1,242,0,1,32330,1,20
16509C,2020-08-26,1,3,light,2020-08-26T08:27:40.560001Z,2020-08-26T08:31:32.969004Z,232.409,All,R3-8,R3-8,0,0,,0,0,0,32323,0,20
16509C,2020-08-26,1,3,light,2020-08-26T10:20:53.614996Z,2020-08-26T10:21:55.385001Z,61.77,All,R3-9,R3-9,0,0,,0,0,0,32343,0,20
16509C,2020-08-26,1,3,light,2020-08-26T01:19:17.911004Z,2020-08-26T01:19:42.603002Z,24.692,All,R3-8,R3-9,Cage 3-6,1,1,177.597860347472,0,0,32243,0,20
16509C,2020-08-26,1,3,light,2020-08-26T01:19:42.603002Z,2020-08-26T01:20:03.247003Z,20.644,All,R3-9,R3-9,0,0,,0,0,0,32244,0,20
16509C,2020-08-26,1,3,light,2020-08-26T01:20:14.031001Z,2020-08-26T01:20:36.897996Z,22.867,All,R3-7,R3-9,Cage 3-5,1,1,288.591406663469,0,0,32248,0,20
16509C,2020-08-26,1,3,light,2020-08-26T00:06:29.029004Z,2020-08-26T00:06:53.904004Z,24.875,All,R3-4,R3-2,Cage 3-2,1,1,177.597860347472,0,0,32103,0,20
16509C,2020-08-26,1,3,light,2020-08-26T00:36:47.676003Z,2020-08-26T00:36:50.557997Z,2.882,All,R3-6,R3-8,Cage 3-4,1,1,177.597860347472,0,0,32185,0,20
16509C,2020-08-26,1,3,light,2020-08-26T00:10:48.536Z,2020-08-26T00:10:50.327996Z,1.792,All,R3-2,R3-1,Tube 2:3,1,2,132,0,1,32118,1,20
16509C,2020-08-26,1,3,light,2020-08-26T00:12:36.826002Z,2020-08-26T00:12:49.606998Z,12.781,All,R3-7,R3-6,Cage 3-3,1,1,288.591406663469,0,0,32125,0,20
16509C,2020-08-26,1,3,light,2020-08-26T00:15:16.960997Z,2020-08-26T00:15:24.489997Z,7.529,All,R3-4,R3-2,Cage 3-2,1,1,177.597860347472,0,0,32137,0,20
16509C,2020-08-26,1,3,light,2020-08-26T10:20:11.633996Z,2020-08-26T10:20:13.651999Z,2.018,All,R3-3,R3-7,Cage 3-3,1,1,242,0,1,32341,1,20
16509C,2020-08-26,1,3,light,2020-08-26T01:19:08.395997Z,2020-08-26T01:19:17.911004Z,9.515,All,R3-8,R3-8,0,0,,0,0,0,32242,0,20
16509C,2020-08-26,1,3,light,2020-08-26T10:28:26.743996Z,2020-08-26T10:29:10.530005Z,43.786,All,R3-6,R3-6,0,0,,0,0,0,32355,0,20
16509C,2020-08-26,1,3,light,2020-08-26T01:23:20.117999Z,2020-08-26T01:23:36.531001Z,16.413,All,R3-9,R3-9,0,0,,0,0,0,32250,0,20
16509C,2020-08-26,1,3,light,2020-08-26T01:26:31.090001Z,2020-08-26T01:26:33.038002Z,1.948,All,R3-7,R3-6,Cage 3-3,1,1,288.591406663469,0,0,32255,0,20
16509C,2020-08-26,1,3,light,2020-08-26T01:27:07.024997Z,2020-08-26T01:27:14.072999Z,7.048,All,R3-9,R3-7,Cage 3-5,1,1,288.591406663469,0,0,32260,0,20
16509C,2020-08-26,1,3,light,2020-08-26T03:28:28.353996Z,2020-08-26T03:28:30.031003Z,1.677,All,R3-6,R3-4,Cage 3-4,1,1,177.597860347472,0,0,32290,0,20
16509C,2020-08-26,1,3,light,2020-08-26T00:37:10.025999Z,2020-08-26T00:37:11.640997Z,1.615,All,R3-8,R3-8,0,0,,0,0,0,32187,0,20
16509C,2020-08-26,1,3,light,2020-08-26T00:37:42.602998Z,2020-08-26T00:37:45.521996Z,2.919,All,R3-8,R3-4,Cage 3-4,1,1,242,0,1,32189,1,20
16509C,2020-08-26,1,3,light,2020-08-26T00:10:38.955Z,2020-08-26T00:10:48.536Z,9.581,All,R3-4,R3-2,Cage 3-2,1,1,177.597860347472,0,0,32117,0,20
16509C,2020-08-26,1,3,light,2020-08-26T00:10:50.327996Z,2020-08-26T00:11:03.656Z,13.328,All,R3-1,R3-3,Cage 3-1,1,1,177.597860347472,0,0,32119,0,20
16509C,2020-08-26,1,3,light,2020-08-26T00:14:25.617002Z,2020-08-26T00:14:30.332999Z,4.716,All,R3-4,R3-8,Cage 3-4,1,1,242,0,1,32132,1,20
16509C,2020-08-26,1,3,light,2020-08-26T00:53:16.519001Z,2020-08-26T00:53:19.046002Z,2.527,All,R3-9,R3-9,0,0,,0,0,0,32215,0,20
16509C,2020-08-26,1,3,light,2020-08-26T02:19:26.270Z,2020-08-26T03:22:58.467002Z,3812.197,All,R3-3,R3-3,0,0,,0,0,0,32283,0,20
16509C,2020-08-26,1,3,light,2020-08-26T10:55:26.665Z,2020-08-26T12:39:00.736004Z,6214.071,All,R3-1,R3-3,Cage 3-1,1,1,177.597860347472,0,0,32382,0,20
16509C,2020-08-26,1,3,light,2020-08-26T03:31:01.624002Z,2020-08-26T03:31:10.068004Z,8.444,All,R3-6,R3-7,Cage 3-3,1,1,288.591406663469,0,0,32302,0,20
16509C,2020-08-26,1,3,light,2020-08-26T00:07:29.933996Z,2020-08-26T00:07:32.077001Z,2.143,All,R3-8,R3-4,Cage 3-4,1,1,242,0,1,32111,1,20
16509C,2020-08-26,1,3,light,2020-08-26T01:14:29.380001Z,2020-08-26T01:14:41.257003Z,11.877,All,R3-6,R3-3,Cage 3-3,1,1,288.591406663469,0,0,32235,0,20
16509C,2020-08-26,1,3,light,2020-08-26T00:00:10.812Z,2020-08-26T00:00:13.127003Z,2.315,All,R3-6,R3-6,0,0,,0,0,0,32084,0,20
16509C,2020-08-26,1,3,light,2020-08-26T01:27:20.654001Z,2020-08-26T01:27:22.700004Z,2.046,All,R3-1,R3-2,Tube 2:3,1,2,132,0,1,32263,1,20
16509C,2020-08-26,1,3,light,2020-08-26T01:27:30.221004Z,2020-08-26T01:27:36.712996Z,6.492,All,R3-8,R3-9,Cage 3-6,1,1,177.597860347472,0,0,32266,0,20
16509C,2020-08-26,1,3,light,2020-08-26T00:07:12.453004Z,2020-08-26T00:07:19.307998Z,6.855,All,R3-7,R3-7,0,0,,0,0,0,32107,0,20
16509C,2020-08-26,1,3,light,2020-08-26T00:12:57.620002Z,2020-08-26T00:13:06.807Z,9.187,All,R3-7,R3-6,Cage 3-3,1,1,288.591406663469,0,0,32129,0,20
16509C,2020-08-26,1,3,light,2020-08-26T10:08:43.032001Z,2020-08-26T10:08:57.647997Z,14.616,All,R3-8,R3-4,Cage 3-4,1,1,242,0,1,32337,1,20
16509C,2020-08-26,1,3,light,2020-08-26T10:08:57.647997Z,2020-08-26T10:19:53.990003Z,656.342,All,R3-4,R3-2,Cage 3-2,1,1,177.597860347472,0,0,32338,0,20
16509C,2020-08-26,1,3,light,2020-08-26T00:20:17.344999Z,2020-08-26T00:20:20.404Z,3.059,All,R3-4,R3-8,Cage 3-4,1,1,242,0,1,32159,1,20
16509C,2020-08-26,1,3,light,2020-08-26T00:20:20.404Z,2020-08-26T00:23:39.363Z,198.959,All,R3-8,R3-8,0,0,,0,0,0,32160,0,20
16509C,2020-08-26,1,3,light,2020-08-26T10:19:53.990003Z,2020-08-26T10:19:56.555002Z,2.565,All,R3-2,R3-1,Tube 2:3,1,2,132,0,1,32339,1,20
16509C,2020-08-26,1,3,light,2020-08-26T00:24:46.364999Z,2020-08-26T00:25:15.419997Z,29.055,All,R3-9,R3-9,0,0,,0,0,0,32165,0,20
16509C,2020-08-26,1,3,light,2020-08-26T10:32:07.753001Z,2020-08-26T10:32:44.566996Z,36.814,All,R3-8,R3-8,0,0,,0,0,0,32360,0,20
16509C,2020-08-26,1,3,light,2020-08-26T10:32:44.566996Z,2020-08-26T10:32:50.396999Z,5.83,All,R3-8,R3-9,Cage 3-6,1,1,177.597860347472,0,0,32361,0,20
16509C,2020-08-26,1,3,light,2020-08-26T10:50:32.895998Z,2020-08-26T10:50:52.868999Z,19.973,All,R3-4,R3-4,0,0,,0,0,0,32370,0,20
16509C,2020-08-26,1,3,light,2020-08-26T03:22:58.467002Z,2020-08-26T03:23:04.821999Z,6.355,All,R3-3,R3-7,Cage 3-3,1,1,242,0,1,32284,1,20
16509C,2020-08-26,1,3,light,2020-08-26T00:37:57.801Z,2020-08-26T00:40:12.756996Z,134.956,All,R3-1,R3-1,0,0,,0,0,0,32192,0,20
16509C,2020-08-26,1,3,light,2020-08-26T00:51:21.836998Z,2020-08-26T00:53:16.519001Z,114.682,All,R3-8,R3-9,Cage 3-6,1,1,177.597860347472,0,0,32214,0,20
16509C,2020-08-26,1,3,light,2020-08-26T00:51:16.069003Z,2020-08-26T00:51:18.510002Z,2.441,All,R3-2,R3-4,Cage 3-2,1,1,177.597860347472,0,0,32212,0,20
16509C,2020-08-26,1,3,light,2020-08-26T01:01:03.717999Z,2020-08-26T01:05:31.664997Z,267.947,All,R3-4,R3-2,Cage 3-2,1,1,177.597860347472,0,0,32223,0,20
16509C,2020-08-26,1,3,light,2020-08-26T01:12:13.736002Z,2020-08-26T01:12:14.952998Z,1.217,All,R3-4,R3-4,0,0,,0,0,0,32232,0,20
16509C,2020-08-26,1,3,light,2020-08-26T00:00:05.849998Z,2020-08-26T00:00:10.812Z,4.962,All,R3-6,R3-6,0,0,,0,0,0,32083,0,20
16509C,2020-08-26,1,3,light,2020-08-26T00:04:39.300Z,2020-08-26T00:04:41.739998Z,2.44,All,R3-8,R3-4,Cage 3-4,1,1,242,0,1,32101,1,20
16509C,2020-08-26,1,3,light,2020-08-26T01:31:55.196999Z,2020-08-26T01:32:02.505999Z,7.309,All,R3-6,R3-3,Cage 3-3,1,1,288.591406663469,0,0,32270,0,20
16509C,2020-08-26,1,3,light,2020-08-26T00:08:22.016002Z,2020-08-26T00:08:37.163002Z,15.147,All,R3-4,R3-4,0,0,,0,0,0,32114,0,20
16509C,2020-08-26,1,3,light,2020-08-26T00:08:37.163002Z,2020-08-26T00:08:41.887Z,4.724,All,R3-4,R3-4,0,0,,0,0,0,32115,0,20
16509C,2020-08-26,1,3,light,2020-08-26T00:11:03.656Z,2020-08-26T00:11:08.954005Z,5.298,All,R3-3,R3-6,Cage 3-3,1,1,288.591406663469,0,0,32120,0,20
16509C,2020-08-26,1,3,light,2020-08-26T00:12:53.558001Z,2020-08-26T00:12:57.620002Z,4.062,All,R3-9,R3-7,Cage 3-5,1,1,288.591406663469,0,0,32128,0,20
16509C,2020-08-26,1,3,light,2020-08-26T00:13:06.807Z,2020-08-26T00:14:17.664996Z,70.858,All,R3-6,R3-4,Cage 3-4,1,1,177.597860347472,0,0,32130,0,20
16509C,2020-08-26,1,3,light,2020-08-26T00:14:17.664996Z,2020-08-26T00:14:25.617002Z,7.952,All,R3-4,R3-4,0,0,,0,0,0,32131,0,20
16509C,2020-08-26,1,3,light,2020-08-26T00:18:20.538999Z,2020-08-26T00:18:25.498999Z,4.96,All,R3-3,R3-1,Cage 3-1,1,1,177.597860347472,0,0,32145,0,20
16509C,2020-08-26,1,3,light,2020-08-26T00:20:09.745998Z,2020-08-26T00:20:17.344999Z,7.599,All,R3-4,R3-4,0,0,,0,0,0,32158,0,20
16509C,2020-08-26,1,3,light,2020-08-26T00:24:43.122001Z,2020-08-26T00:24:46.364999Z,3.243,All,R3-8,R3-9,Cage 3-6,1,1,177.597860347472,0,0,32164,0,20
16509C,2020-08-26,1,3,light,2020-08-26T10:20:13.651999Z,2020-08-26T10:20:53.614996Z,39.963,All,R3-7,R3-9,Cage 3-5,1,1,288.591406663469,0,0,32342,0,20
16509C,2020-08-26,1,3,light,2020-08-26T00:25:15.419997Z,2020-08-26T00:27:45.794998Z,150.375,All,R3-9,R3-9,0,0,,0,0,0,32166,0,20
16509C,2020-08-26,1,3,light,2020-08-26T02:19:18.133997Z,2020-08-26T02:19:22.949Z,4.815,All,R3-4,R3-6,Cage 3-4,1,1,177.597860347472,0,0,32281,0,20
16509C,2020-08-26,1,3,light,2020-08-26T02:19:22.949Z,2020-08-26T02:19:26.270Z,3.321,All,R3-6,R3-3,Cage 3-3,1,1,288.591406663469,0,0,32282,0,20
16509C,2020-08-26,1,3,light,2020-08-26T00:30:30.709996Z,2020-08-26T00:33:48.538002Z,197.828,All,R3-9,R3-8,Cage 3-6,1,1,177.597860347472,0,0,32177,0,20
16509C,2020-08-26,1,3,light,2020-08-26T10:51:27.439998Z,2020-08-26T10:51:29.466Z,2.026,All,R3-4,R3-6,Cage 3-4,1,1,177.597860347472,0,0,32375,0,20
16509C,2020-08-26,1,3,light,2020-08-26T01:27:24.670996Z,2020-08-26T01:27:30.221004Z,5.55,All,R3-4,R3-8,Cage 3-4,1,1,242,0,1,32265,1,20
16509C,2020-08-26,1,3,light,2020-08-26T00:34:06.308996Z,2020-08-26T00:34:17.436002Z,11.127,All,R3-4,R3-8,Cage 3-4,1,1,242,0,1,32180,1,20
16509C,2020-08-26,1,3,light,2020-08-26T00:36:50.557997Z,2020-08-26T00:37:10.025999Z,19.468,All,R3-8,R3-8,0,0,,0,0,0,32186,0,20
16509C,2020-08-26,1,3,light,2020-08-26T00:07:32.077001Z,2020-08-26T00:07:42.934Z,10.857,All,R3-4,R3-4,0,0,,0,0,0,32112,0,20
16509C,2020-08-26,1,3,light,2020-08-26T01:05:48.681002Z,2020-08-26T01:05:50.744Z,2.063,All,R3-3,R3-7,Cage 3-3,1,1,242,0,1,32227,1,20
16509C,2020-08-26,1,3,light,2020-08-26T00:41:54.943996Z,2020-08-26T00:42:16.740996Z,21.797,All,R3-4,R3-4,0,0,,0,0,0,32199,0,20
16509C,2020-08-26,1,3,light,2020-08-26T00:42:20.740004Z,2020-08-26T00:42:27.802996Z,7.063,All,R3-4,R3-4,0,0,,0,0,0,32201,0,20
16509C,2020-08-26,1,3,light,2020-08-26T01:12:14.952998Z,2020-08-26T01:12:35.565999Z,20.613,All,R3-4,R3-4,0,0,,0,0,0,32233,0,20
16509C,2020-08-26,1,3,light,2020-08-26T01:12:35.565999Z,2020-08-26T01:14:29.380001Z,113.814,All,R3-4,R3-6,Cage 3-4,1,1,177.597860347472,0,0,32234,0,20
16509C,2020-08-26,1,3,light,2020-08-26T01:15:42.631001Z,2020-08-26T01:15:57.049002Z,14.418,All,R3-4,R3-4,0,0,,0,0,0,32240,0,20
16509C,2020-08-26,1,3,light,2020-08-26T00:02:30.498Z,2020-08-26T00:02:48.539997Z,18.042,All,R3-8,R3-9,Cage 3-6,1,1,177.597860347472,0,0,32096,0,20
16509C,2020-08-26,1,3,light,2020-08-26T00:02:48.539997Z,2020-08-26T00:03:08.696002Z,20.156,All,R3-9,R3-7,Cage 3-5,1,1,288.591406663469,0,0,32097,0,20
16509C,2020-08-26,1,3,light,2020-08-26T01:23:37.844998Z,2020-08-26T01:23:43.533998Z,5.689,All,R3-9,R3-9,0,0,,0,0,0,32252,0,20
16509C,2020-08-26,1,3,light,2020-08-26T01:26:20.502Z,2020-08-26T01:26:31.090001Z,10.588,All,R3-9,R3-7,Cage 3-5,1,1,288.591406663469,0,0,32254,0,20
16509C,2020-08-26,1,3,light,2020-08-26T01:27:02.435999Z,2020-08-26T01:27:07.024997Z,4.589,All,R3-9,R3-9,0,0,,0,0,0,32259,0,20
16509C,2020-08-26,1,3,light,2020-08-26T01:27:14.072999Z,2020-08-26T01:27:17.033003Z,2.96,All,R3-7,R3-3,Cage 3-3,1,1,242,0,1,32261,1,20
16509C,2020-08-26,1,3,light,2020-08-26T01:33:04.937999Z,2020-08-26T01:34:48.364001Z,103.426,All,R3-8,R3-8,0,0,,0,0,0,32275,0,20
16509C,2020-08-26,1,3,light,2020-08-26T00:11:18.366999Z,2020-08-26T00:11:22.677003Z,4.31,All,R3-9,R3-7,Cage 3-5,1,1,288.591406663469,0,0,32123,0,20
16509C,2020-08-26,1,3,light,2020-08-26T00:23:39.363Z,2020-08-26T00:23:40.892004Z,1.529,All,R3-8,R3-4,Cage 3-4,1,1,242,0,1,32161,1,20
16509C,2020-08-26,1,3,light,2020-08-26T10:25:22.900002Z,2020-08-26T10:25:25.535004Z,2.635,All,R3-2,R3-4,Cage 3-2,1,1,177.597860347472,0,0,32352,0,20
16509C,2020-08-26,1,3,light,2020-08-26T00:27:49.283001Z,2020-08-26T00:27:51.683996Z,2.401,All,R3-8,R3-4,Cage 3-4,1,1,242,0,1,32169,1,20
16509C,2020-08-26,1,3,light,2020-08-26T00:04:41.739998Z,2020-08-26T00:06:29.029004Z,107.289,All,R3-4,R3-4,0,0,,0,0,0,32102,0,20
16509C,2020-08-26,1,3,light,2020-08-26T03:30:56.753997Z,2020-08-26T03:31:01.624002Z,4.87,All,R3-4,R3-6,Cage 3-4,1,1,177.597860347472,0,0,32301,0,20
16509C,2020-08-26,1,3,light,2020-08-26T03:31:31.693Z,2020-08-26T03:31:35.301996Z,3.609,All,R3-7,R3-3,Cage 3-3,1,1,242,0,1,32304,1,20
16509C,2020-08-26,1,3,light,2020-08-26T00:51:18.510002Z,2020-08-26T00:51:21.836998Z,3.327,All,R3-4,R3-8,Cage 3-4,1,1,242,0,1,32213,1,20
16509C,2020-08-26,1,3,light,2020-08-26T01:20:10.922Z,2020-08-26T01:20:14.031001Z,3.109,All,R3-6,R3-7,Cage 3-3,1,1,288.591406663469,0,0,32247,0,20
16509C,2020-08-26,1,3,light,2020-08-26T00:54:40.051999Z,2020-08-26T00:59:37.851Z,297.799,All,R3-9,R3-9,0,0,,0,0,0,32218,0,20
16509C,2020-08-26,1,3,light,2020-08-26T00:07:08.044998Z,2020-08-26T00:07:12.453004Z,4.408,All,R3-3,R3-7,Cage 3-3,1,1,242,0,1,32106,1,20
16509C,2020-08-26,1,3,light,2020-08-26T01:32:02.505999Z,2020-08-26T01:32:06.562003Z,4.056,All,R3-3,R3-1,Cage 3-1,1,1,177.597860347472,0,0,32271,0,20
16509C,2020-08-26,1,3,light,2020-08-26T01:05:36.320004Z,2020-08-26T01:05:48.681002Z,12.361,All,R3-1,R3-3,Cage 3-1,1,1,177.597860347472,0,0,32226,0,20
16509C,2020-08-26,1,3,light,2020-08-26T08:05:22.186004Z,2020-08-26T08:27:40.560001Z,1338.374,All,R3-8,R3-8,0,0,,0,0,0,32322,0,20
16509C,2020-08-26,1,3,light,2020-08-26T10:19:56.555002Z,2020-08-26T10:20:11.633996Z,15.079,All,R3-1,R3-3,Cage 3-1,1,1,177.597860347472,0,0,32340,0,20
16509C,2020-08-26,1,3,light,2020-08-26T00:00:03.819001Z,2020-08-26T00:00:05.849998Z,2.031,All,R3-6,R3-6,0,0,,0,0,0,32082,0,20
16509C,2020-08-26,1,3,light,2020-08-26T01:27:22.700004Z,2020-08-26T01:27:24.670996Z,1.971,All,R3-2,R3-4,Cage 3-2,1,1,177.597860347472,0,0,32264,0,20
16509C,2020-08-26,1,3,light,2020-08-26T03:30:47.460001Z,2020-08-26T03:30:56.753997Z,9.294,All,R3-4,R3-4,0,0,,0,0,0,32300,0,20
16509C,2020-08-26,1,3,light,2020-08-26T00:08:41.887Z,2020-08-26T00:10:38.955Z,117.068,All,R3-4,R3-4,0,0,,0,0,0,32116,0,20
16509C,2020-08-26,1,3,light,2020-08-26T00:17:11.845003Z,2020-08-26T00:17:28.049997Z,16.205,All,R3-7,R3-7,0,0,,0,0,0,32142,0,20
16509C,2020-08-26,1,3,light,2020-08-26T00:18:15.737Z,2020-08-26T00:18:20.538999Z,4.802,All,R3-7,R3-3,Cage 3-3,1,1,242,0,1,32144,1,20
16509C,2020-08-26,1,3,light,2020-08-26T10:25:36.557Z,2020-08-26T10:28:26.743996Z,170.187,All,R3-8,R3-6,Cage 3-4,1,1,177.597860347472,0,0,32354,0,20
16509C,2020-08-26,1,3,light,2020-08-26T10:50:05.161001Z,2020-08-26T10:50:10.243999Z,5.083,All,R3-2,R3-4,Cage 3-2,1,1,177.597860347472,0,0,32366,0,20
16509C,2020-08-26,1,3,light,2020-08-26T10:50:13.760005Z,2020-08-26T10:50:25.002Z,11.242,All,R3-6,R3-6,0,0,,0,0,0,32368,0,20
16509C,2020-08-26,1,3,light,2020-08-26T10:50:10.243999Z,2020-08-26T10:50:13.760005Z,3.516,All,R3-4,R3-6,Cage 3-4,1,1,177.597860347472,0,0,32367,0,20
16509C,2020-08-26,1,3,light,2020-08-26T10:50:52.868999Z,2020-08-26T10:51:01.305Z,8.436,All,R3-4,R3-4,0,0,,0,0,0,32371,0,20
16509C,2020-08-26,1,3,light,2020-08-26T10:51:29.466Z,2020-08-26T10:51:36.190996Z,6.725,All,R3-6,R3-7,Cage 3-3,1,1,288.591406663469,0,0,32376,0,20
16509C,2020-08-26,1,3,light,2020-08-26T10:51:47.450998Z,2020-08-26T10:55:13.656003Z,206.205,All,R3-9,R3-8,Cage 3-6,1,1,177.597860347472,0,0,32378,0,20
16509C,2020-08-26,1,3,light,2020-08-26T00:37:54.755002Z,2020-08-26T00:37:57.801Z,3.046,All,R3-2,R3-1,Tube 2:3,1,2,132,0,1,32191,1,20
16509C,2020-08-26,1,3,light,2020-08-26T00:40:54.416001Z,2020-08-26T00:41:01.078002Z,6.662,All,R3-6,R3-4,Cage 3-4,1,1,177.597860347472,0,0,32195,0,20
16509C,2020-08-26,1,3,light,2020-08-26T00:41:28.561004Z,2020-08-26T00:41:52.633003Z,24.072,All,R3-4,R3-4,0,0,,0,0,0,32197,0,20
16509C,2020-08-26,1,3,light,2020-08-26T00:00:13.127003Z,2020-08-26T00:00:27.453004Z,14.326,All,R3-6,R3-6,0,0,,0,0,0,32085,0,20
16509C,2020-08-26,1,3,light,2020-08-26T01:00:58.728002Z,2020-08-26T01:01:03.717999Z,4.99,All,R3-4,R3-4,0,0,,0,0,0,32222,0,20
16509C,2020-08-26,1,3,light,2020-08-26T01:12:06.528004Z,2020-08-26T01:12:13.736002Z,7.208,All,R3-8,R3-4,Cage 3-4,1,1,242,0,1,32231,1,20
16509C,2020-08-26,1,3,light,2020-08-26T01:14:53.167002Z,2020-08-26T01:15:42.631001Z,49.464,All,R3-4,R3-4,0,0,,0,0,0,32239,0,20
16509C,2020-08-26,1,3,light,2020-08-26T00:00:27.453004Z,2020-08-26T00:00:36.047998Z,8.595,All,R3-6,R3-6,0,0,,0,0,0,32086,0,20
16509C,2020-08-26,1,3,light,2020-08-26T00:02:23.881998Z,2020-08-26T00:02:30.498Z,6.616,All,R3-6,R3-8,Cage 3-4,1,1,177.597860347472,0,0,32095,0,20
16509C,2020-08-26,1,3,light,2020-08-26T00:04:34.665004Z,2020-08-26T00:04:37.685997Z,3.021,All,R3-7,R3-9,Cage 3-5,1,1,288.591406663469,0,0,32099,0,20
16509C,2020-08-26,1,3,light,2020-08-26T01:35:08.889003Z,2020-08-26T02:19:07.748Z,2638.859,All,R3-3,R3-1,Cage 3-1,1,1,177.597860347472,0,0,32278,0,20
16509C,2020-08-26,1,3,light,2020-08-26T00:20:01.343002Z,2020-08-26T00:20:02.414Z,1.071,All,R3-9,R3-8,Cage 3-6,1,1,177.597860347472,0,0,32156,0,20
16509C,2020-08-26,1,3,light,2020-08-26T00:23:54.638001Z,2020-08-26T00:24:43.122001Z,48.484,All,R3-4,R3-8,Cage 3-4,1,1,242,0,1,32163,1,20
16509C,2020-08-26,1,3,light,2020-08-26T00:27:59.895996Z,2020-08-26T00:29:27.031001Z,87.135,All,R3-1,R3-3,Cage 3-1,1,1,177.597860347472,0,0,32172,0,20
16509C,2020-08-26,1,3,light,2020-08-26T00:30:29.846998Z,2020-08-26T00:30:30.709996Z,0.863,All,R3-9,R3-9,0,0,,0,0,0,32176,0,20
16509C,2020-08-26,1,3,light,2020-08-26T03:23:15.812001Z,2020-08-26T03:23:22.277996Z,6.466,All,R3-9,R3-8,Cage 3-6,1,1,177.597860347472,0,0,32286,0,20
16509C,2020-08-26,1,3,light,2020-08-26T00:07:42.934Z,2020-08-26T00:08:22.016002Z,39.082,All,R3-4,R3-4,0,0,,0,0,0,32113,0,20
16509C,2020-08-26,1,3,light,2020-08-26T00:43:00.471Z,2020-08-26T00:43:04.055001Z,3.584,All,R3-7,R3-6,Cage 3-3,1,1,288.591406663469,0,0,32207,0,20
16509C,2020-08-26,1,3,light,2020-08-26T00:59:46.439998Z,2020-08-26T01:00:58.728002Z,72.288,All,R3-4,R3-4,0,0,,0,0,0,32221,0,20
16509C,2020-08-26,1,3,light,2020-08-26T01:32:08.020003Z,2020-08-26T01:32:09.708Z,1.688,All,R3-2,R3-4,Cage 3-2,1,1,177.597860347472,0,0,32273,0,20
16509C,2020-08-26,1,3,light,2020-08-26T00:04:37.685997Z,2020-08-26T00:04:39.300Z,1.614,All,R3-9,R3-8,Cage 3-6,1,1,177.597860347472,0,0,32100,0,20
16509C,2020-08-26,1,3,light,2020-08-26T00:11:14.600996Z,2020-08-26T00:11:18.366999Z,3.766,All,R3-8,R3-9,Cage 3-6,1,1,177.597860347472,0,0,32122,0,20
16509C,2020-08-26,1,3,light,2020-08-26T00:20:02.414Z,2020-08-26T00:20:09.745998Z,7.332,All,R3-8,R3-4,Cage 3-4,1,1,242,0,1,32157,1,20
16509C,2020-08-26,1,3,light,2020-08-26T10:25:08.919999Z,2020-08-26T10:25:15.456003Z,6.536,All,R3-6,R3-3,Cage 3-3,1,1,288.591406663469,0,0,32349,0,20
16509C,2020-08-26,1,3,light,2020-08-26T10:51:01.305Z,2020-08-26T10:51:08.277999Z,6.973,All,R3-4,R3-4,0,0,,0,0,0,32372,0,20
16509C,2020-08-26,1,3,light,2020-08-26T10:51:36.190996Z,2020-08-26T10:51:47.450998Z,11.26,All,R3-7,R3-9,Cage 3-5,1,1,288.591406663469,0,0,32377,0,20
16509C,2020-08-26,1,3,light,2020-08-26T00:40:12.756996Z,2020-08-26T00:40:17.941999Z,5.185,All,R3-1,R3-3,Cage 3-1,1,1,177.597860347472,0,0,32193,0,20
16509C,2020-08-26,1,3,light,2020-08-26T00:41:52.633003Z,2020-08-26T00:41:54.943996Z,2.311,All,R3-4,R3-4,0,0,,0,0,0,32198,0,20
16509C,2020-08-26,1,3,light,2020-08-26T00:33:50.572999Z,2020-08-26T00:34:06.308996Z,15.736,All,R3-4,R3-4,0,0,,0,0,0,32179,0,20
16509C,2020-08-26,1,3,light,2020-08-26T01:20:36.897996Z,2020-08-26T01:23:20.117999Z,163.22,All,R3-9,R3-9,0,0,,0,0,0,32249,0,20
16509C,2020-08-26,1,3,light,2020-08-26T00:15:24.489997Z,2020-08-26T00:15:26.298002Z,1.808,All,R3-2,R3-1,Tube 2:3,1,2,132,0,1,32138,1,20
16509C,2020-08-26,1,3,light,2020-08-26T01:23:36.531001Z,2020-08-26T01:23:37.844998Z,1.314,All,R3-9,R3-9,0,0,,0,0,0,32251,0,20
16509C,2020-08-26,1,3,light,2020-08-26T00:34:17.436002Z,2020-08-26T00:36:10.451005Z,113.015,All,R3-8,R3-9,Cage 3-6,1,1,177.597860347472,0,0,32181,0,20
16509C,2020-08-26,1,3,light,2020-08-26T01:05:34.734002Z,2020-08-26T01:05:36.320004Z,1.586,All,R3-2,R3-1,Tube 2:3,1,2,132,0,1,32225,1,20
16509C,2020-08-26,1,3,light,2020-08-26T10:01:57.790998Z,2020-08-26T10:02:43.623001Z,45.832,All,R3-4,R3-2,Cage 3-2,1,1,177.597860347472,0,0,32327,0,20
16509C,2020-08-26,1,3,light,2020-08-26T00:42:57.125998Z,2020-08-26T00:43:00.471Z,3.345,All,R3-9,R3-7,Cage 3-5,1,1,288.591406663469,0,0,32206,0,20
16509C,2020-08-26,1,3,light,2020-08-26T00:27:45.794998Z,2020-08-26T00:27:47.352004Z,1.557,All,R3-9,R3-9,0,0,,0,0,0,32167,0,20
16509C,2020-08-26,1,3,light,2020-08-26T10:32:57.010998Z,2020-08-26T10:33:00.600001Z,3.589,All,R3-7,R3-3,Cage 3-3,1,1,242,0,1,32363,1,20
16509C,2020-08-26,1,3,light,2020-08-26T10:33:00.600001Z,2020-08-26T10:50:01.285002Z,1020.685,All,R3-3,R3-1,Cage 3-1,1,1,177.597860347472,0,0,32364,0,20
16509C,2020-08-26,1,3,light,2020-08-26T10:50:25.002Z,2020-08-26T10:50:32.895998Z,7.894,All,R3-6,R3-4,Cage 3-4,1,1,177.597860347472,0,0,32369,0,20
16509C,2020-08-26,1,3,light,2020-08-26T10:51:08.277999Z,2020-08-26T10:51:22.208996Z,13.931,All,R3-4,R3-4,0,0,,0,0,0,32373,0,20
16509C,2020-08-26,1,3,light,2020-08-26T01:05:31.664997Z,2020-08-26T01:05:34.734002Z,3.069,All,R3-2,R3-2,0,0,,0,0,0,32224,0,20
16509C,2020-08-26,1,3,light,2020-08-26T00:43:04.055001Z,2020-08-26T00:43:05.858999Z,1.804,All,R3-6,R3-8,Cage 3-4,1,1,177.597860347472,0,0,32208,0,20
16509C,2020-08-26,1,3,light,2020-08-26T01:32:09.708Z,2020-08-26T01:33:04.937999Z,55.23,All,R3-4,R3-8,Cage 3-4,1,1,242,0,1,32274,1,20
16509C,2020-08-26,1,3,light,2020-08-26T03:23:22.277996Z,2020-08-26T03:26:19.305004Z,177.027,All,R3-8,R3-4,Cage 3-4,1,1,242,0,1,32287,1,20
16509C,2020-08-26,1,3,light,2020-08-26T03:23:04.821999Z,2020-08-26T03:23:15.812001Z,10.99,All,R3-7,R3-9,Cage 3-5,1,1,288.591406663469,0,0,32285,0,20
16509C,2020-08-26,1,3,light,2020-08-26T01:06:22.748002Z,2020-08-26T01:12:02.490998Z,339.743,All,R3-9,R3-8,Cage 3-6,1,1,177.597860347472,0,0,32229,0,20
16509C,2020-08-26,1,3,light,2020-08-26T00:43:05.858999Z,2020-08-26T00:51:09.759004Z,483.9,All,R3-8,R3-8,0,0,,0,0,0,32209,0,20
16509C,2020-08-26,1,3,light,2020-08-26T10:25:15.456003Z,2020-08-26T10:25:21.535004Z,6.079,All,R3-3,R3-1,Cage 3-1,1,1,177.597860347472,0,0,32350,0,20
16509C,2020-08-26,1,3,light,2020-08-26T01:32:06.562003Z,2020-08-26T01:32:08.020003Z,1.458,All,R3-1,R3-2,Tube 2:3,1,2,132,0,1,32272,1,20
16509C,2020-08-26,1,3,light,2020-08-26T09:04:34.073Z,2020-08-26T09:11:49.295002Z,435.222,All,R3-8,R3-8,0,0,,0,0,0,32325,0,20
16509C,2020-08-26,1,3,light,2020-08-26T10:25:21.535004Z,2020-08-26T10:25:22.900002Z,1.365,All,R3-1,R3-2,Tube 2:3,1,2,132,0,1,32351,1,20
16509C,2020-08-26,1,3,light,2020-08-26T00:12:49.606998Z,2020-08-26T00:12:52.244003Z,2.637,All,R3-6,R3-8,Cage 3-4,1,1,177.597860347472,0,0,32126,0,20
16509C,2020-08-26,1,3,light,2020-08-26T01:05:50.744Z,2020-08-26T01:06:22.748002Z,32.004,All,R3-7,R3-9,Cage 3-5,1,1,288.591406663469,0,0,32228,0,20
16509C,2020-08-26,1,3,light,2020-08-26T00:15:44.002002Z,2020-08-26T00:17:11.845003Z,87.843,All,R3-7,R3-7,0,0,,0,0,0,32141,0,20
16509C,2020-08-26,1,3,light,2020-08-26T00:02:19.160998Z,2020-08-26T00:02:23.881998Z,4.721,All,R3-6,R3-6,0,0,,0,0,0,32094,0,20
16509C,2020-08-26,1,3,light,2020-08-26T08:31:32.969004Z,2020-08-26T09:04:34.073Z,1981.104,All,R3-8,R3-8,0,0,,0,0,0,32324,0,20
16509C,2020-08-26,1,3,light,2020-08-26T10:24:17.085001Z,2020-08-26T10:25:08.919999Z,51.835,All,R3-4,R3-6,Cage 3-4,1,1,177.597860347472,0,0,32348,0,20
16509C,2020-08-26,1,3,light,2020-08-26T00:41:01.078002Z,2020-08-26T00:41:28.561004Z,27.483,All,R3-4,R3-4,0,0,,0,0,0,32196,0,20
16509C,2020-08-26,1,3,light,2020-08-26T00:42:16.740996Z,2020-08-26T00:42:20.740004Z,3.999,All,R3-4,R3-4,0,0,,0,0,0,32200,0,20
16509C,2020-08-26,1,3,light,2020-08-26T00:29:27.031001Z,2020-08-26T00:29:40.551996Z,13.521,All,R3-3,R3-7,Cage 3-3,1,1,242,0,1,32173,1,20
16509C,2020-08-26,1,3,light,2020-08-26T00:40:17.941999Z,2020-08-26T00:40:54.416001Z,36.474,All,R3-3,R3-6,Cage 3-3,1,1,288.591406663469,0,0,32194,0,20
16509C,2020-08-26,1,3,light,2020-08-26T00:33:48.538002Z,2020-08-26T00:33:50.572999Z,2.035,All,R3-8,R3-4,Cage 3-4,1,1,242,0,1,32178,1,20
16509C,2020-08-26,1,3,light,2020-08-26T00:27:58.652Z,2020-08-26T00:27:59.895996Z,1.244,All,R3-2,R3-1,Tube 2:3,1,2,132,0,1,32171,1,20
16509C,2020-08-26,1,3,light,2020-08-26T00:59:37.851Z,2020-08-26T00:59:42.518Z,4.667,All,R3-9,R3-8,Cage 3-6,1,1,177.597860347472,0,0,32219,0,20
16509C,2020-08-26,1,3,light,2020-08-26T00:00:59.898001Z,2020-08-26T00:01:19.292002Z,19.394,All,R3-6,R3-6,0,0,,0,0,0,32091,0,20
16509C,2020-08-26,1,3,light,2020-08-26T00:00:57.855997Z,2020-08-26T00:00:59.898001Z,2.042,All,R3-6,R3-6,0,0,,0,0,0,32090,0,20
16509C,2020-08-26,1,3,light,2020-08-26T00:29:40.551996Z,2020-08-26T00:29:46.537996Z,5.986,All,R3-7,R3-9,Cage 3-5,1,1,288.591406663469,0,0,32174,0,20
16509C,2020-08-26,1,3,light,2020-08-26T00:27:47.352004Z,2020-08-26T00:27:49.283001Z,1.931,All,R3-9,R3-8,Cage 3-6,1,1,177.597860347472,0,0,32168,0,20
16509C,2020-08-26,1,3,light,2020-08-26T00:27:51.683996Z,2020-08-26T00:27:58.652Z,6.968,All,R3-4,R3-2,Cage 3-2,1,1,177.597860347472,0,0,32170,0,20
16509C,2020-08-26,1,3,light,2020-08-26T00:15:26.298002Z,2020-08-26T00:15:35.483999Z,9.186,All,R3-1,R3-3,Cage 3-1,1,1,177.597860347472,0,0,32139,0,20
16509C,2020-08-26,1,3,light,2020-08-26T00:15:35.483999Z,2020-08-26T00:15:44.002002Z,8.518,All,R3-3,R3-7,Cage 3-3,1,1,242,0,1,32140,1,20
16509C,2020-08-26,1,3,light,2020-08-26T01:35:03.524004Z,2020-08-26T01:35:08.889003Z,5.365,All,R3-6,R3-3,Cage 3-3,1,1,288.591406663469,0,0,32277,0,20
16509C,2020-08-26,1,3,light,2020-08-26T01:12:02.490998Z,2020-08-26T01:12:06.528004Z,4.037,All,R3-8,R3-8,0,0,,0,0,0,32230,0,20
16509C,2020-08-26,1,3,light,2020-08-26T00:01:19.292002Z,2020-08-26T00:01:21.321995Z,2.03,All,R3-6,R3-6,0,0,,0,0,0,32092,0,20
16509C,2020-08-26,1,3,light,2020-08-26T00:51:09.759004Z,2020-08-26T00:51:12.011003Z,2.252,All,R3-8,R3-4,Cage 3-4,1,1,242,0,1,32210,1,20
16509C,2020-08-26,1,3,light,2020-08-26T00:51:12.011003Z,2020-08-26T00:51:16.069003Z,4.058,All,R3-4,R3-2,Cage 3-2,1,1,177.597860347472,0,0,32211,0,20
16509C,2020-08-26,1,3,light,2020-08-26T10:50:01.285002Z,2020-08-26T10:50:05.161001Z,3.876,All,R3-1,R3-2,Tube 2:3,1,2,132,0,1,32365,1,20
16509C,2020-08-26,1,3,light,2020-08-26T00:01:21.321995Z,2020-08-26T00:02:19.160998Z,57.839,All,R3-6,R3-6,0,0,,0,0,0,32093,0,20
16509C,2020-08-26,1,3,light,2020-08-26T09:11:49.295002Z,2020-08-26T10:01:57.790998Z,3008.496,All,R3-8,R3-4,Cage 3-4,1,1,242,0,1,32326,1,20
16509C,2020-08-26,1,3,light,2020-08-26T00:15:16.362003Z,2020-08-26T00:15:16.960997Z,0.599,All,R3-8,R3-4,Cage 3-4,1,1,242,0,1,32136,1,20
16509C,2020-08-26,1,3,light,2020-08-26T00:29:46.537996Z,2020-08-26T00:30:29.846998Z,43.309,All,R3-9,R3-9,0,0,,0,0,0,32175,0,20
16509C,2020-08-26,1,3,light,2020-08-26T00:59:42.518Z,2020-08-26T00:59:46.439998Z,3.922,All,R3-8,R3-4,Cage 3-4,1,1,242,0,1,32220,1,20
16509C,2020-08-26,1,3,light,2020-08-26T00:42:50.807998Z,2020-08-26T00:42:57.125998Z,6.318,All,R3-8,R3-9,Cage 3-6,1,1,177.597860347472,0,0,32205,0,20
16509C,2020-08-26,1,3,light,2020-08-26T00:00:50.808997Z,2020-08-26T00:00:52.324998Z,1.516,All,R3-6,R3-6,0,0,,0,0,0,32088,0,20
16509C,2020-08-26,1,3,light,2020-08-26T00:42:41.089Z,2020-08-26T00:42:50.807998Z,9.719,All,R3-4,R3-8,Cage 3-4,1,1,242,0,1,32204,1,20
16509C,2020-08-26,1,3,light,2020-08-26T00:42:39.160Z,2020-08-26T00:42:41.089Z,1.929,All,R3-4,R3-4,0,0,,0,0,0,32203,0,20
16509C,2020-08-26,1,3,light,2020-08-26T00:42:27.802996Z,2020-08-26T00:42:39.160Z,11.357,All,R3-4,R3-4,0,0,,0,0,0,32202,0,20
16509C,2020-08-26,1,3,light,2020-08-26T00:00:52.324998Z,2020-08-26T00:00:57.855997Z,5.531,All,R3-6,R3-6,0,0,,0,0,0,32089,0,20
16509C,2020-08-26,1,3,light,2020-08-26T00:00:36.047998Z,2020-08-26T00:00:50.808997Z,14.761,All,R3-6,R3-6,0,0,,0,0,0,32087,0,20
