Week,Time,Day,Age_in_months,IdLabel,sum_distance_hourly
1,2020-08-24T10:00:00Z,1,12,19231J,23195.2259804996
1,2020-08-24T11:00:00Z,1,12,19231J,37114.7645392914
1,2020-08-24T10:00:00Z,1,15,18291F,19857.6178169974
1,2020-08-24T11:00:00Z,1,15,18291F,39664.1797599441
1,2020-08-24T10:00:00Z,1,18,16829E,10542.9293567402
1,2020-08-24T11:00:00Z,1,18,16829E,18679.6133987866
1,2020-08-24T10:00:00Z,1,20,16509C,17986.2369758911
1,2020-08-24T11:00:00Z,1,20,16509C,24969.7620818524
1,2020-08-24T10:00:00Z,1,25,14827B,24233.9406506007
1,2020-08-24T11:00:00Z,1,25,14827B,43193.962816356
1,2020-08-24T10:00:00Z,1,37,10793A,13784.6434581013
1,2020-08-24T11:00:00Z,1,37,10793A,19319.7963857457
1,2020-08-24T12:00:00Z,2,12,19231J,34482.5816279855
1,2020-08-24T13:00:00Z,2,12,19231J,42557.8338135584
1,2020-08-24T14:00:00Z,2,12,19231J,31880.4074017948
1,2020-08-24T15:00:00Z,2,12,19231J,25423.7126614857
1,2020-08-24T16:00:00Z,2,12,19231J,7851.71851957184
1,2020-08-24T17:00:00Z,2,12,19231J,38159.044951495
1,2020-08-24T18:00:00Z,2,12,19231J,49726.9018641911
1,2020-08-24T19:00:00Z,2,12,19231J,45722.4874970905
1,2020-08-24T20:00:00Z,2,12,19231J,49826.0816517866
1,2020-08-24T21:00:00Z,2,12,19231J,44637.5210287882
1,2020-08-24T22:00:00Z,2,12,19231J,57177.9756607309
1,2020-08-24T23:00:00Z,2,12,19231J,56347.9895281289
1,2020-08-25T00:00:00Z,2,12,19231J,84390.5003603109
1,2020-08-25T01:00:00Z,2,12,19231J,73919.5796787393
1,2020-08-25T02:00:00Z,2,12,19231J,71576.5922138971
1,2020-08-25T03:00:00Z,2,12,19231J,4074.73346241312
1,2020-08-25T04:00:00Z,2,12,19231J,31054.0064605716
1,2020-08-25T05:00:00Z,2,12,19231J,19372.1187275407
1,2020-08-25T06:00:00Z,2,12,19231J,2697.1721150643
1,2020-08-25T07:00:00Z,2,12,19231J,2124.56780103282
1,2020-08-25T08:00:00Z,2,12,19231J,23995.6089678885
1,2020-08-25T09:00:00Z,2,12,19231J,1792.58070840083
1,2020-08-25T11:00:00Z,2,12,19231J,4403.13560206565
1,2020-08-24T12:00:00Z,2,15,18291F,36185.8635536568
1,2020-08-24T13:00:00Z,2,15,18291F,37519.8742519195
1,2020-08-24T14:00:00Z,2,15,18291F,43077.1412114722
1,2020-08-24T15:00:00Z,2,15,18291F,36311.0828799824
1,2020-08-24T16:00:00Z,2,15,18291F,49106.7464457116
1,2020-08-24T17:00:00Z,2,15,18291F,38143.9589809385
1,2020-08-24T18:00:00Z,2,15,18291F,38532.4043553064
1,2020-08-24T19:00:00Z,2,15,18291F,22896.3383943837
1,2020-08-24T20:00:00Z,2,15,18291F,4203.96790521208
1,2020-08-24T21:00:00Z,2,15,18291F,22417.9885860966
1,2020-08-24T22:00:00Z,2,15,18291F,45070.2703029636
1,2020-08-24T23:00:00Z,2,15,18291F,14905.7597089644
1,2020-08-25T00:00:00Z,2,15,18291F,7821.01961923522
1,2020-08-25T01:00:00Z,2,15,18291F,4471.94209047607
1,2020-08-25T02:00:00Z,2,15,18291F,20106.727604327
1,2020-08-25T03:00:00Z,2,15,18291F,13393.6111896813
1,2020-08-25T04:00:00Z,2,15,18291F,4425.3506838126
1,2020-08-25T05:00:00Z,2,15,18291F,1195.38498770588
1,2020-08-25T06:00:00Z,2,15,18291F,419.597860347472
1,2020-08-25T07:00:00Z,2,15,18291F,18093.1124184008
1,2020-08-25T08:00:00Z,2,15,18291F,18159.5425818947
1,2020-08-25T09:00:00Z,2,15,18291F,5806.10775185637
1,2020-08-25T10:00:00Z,2,15,18291F,6091.50343782489
1,2020-08-25T11:00:00Z,2,15,18291F,5621.72921783448
1,2020-08-24T12:00:00Z,2,18,16829E,16762.4176780917
1,2020-08-24T13:00:00Z,2,18,16829E,16602.3962815664
1,2020-08-24T14:00:00Z,2,18,16829E,14807.6133987866
1,2020-08-24T15:00:00Z,2,18,16829E,10689.484250405
1,2020-08-24T16:00:00Z,2,18,16829E,4495.53995082354
1,2020-08-24T17:00:00Z,2,18,16829E,8795.67130831055
1,2020-08-24T18:00:00Z,2,18,16829E,10864.8799363735
1,2020-08-24T19:00:00Z,2,18,16829E,4886.3571374966
1,2020-08-24T20:00:00Z,2,18,16829E,8301.6949139412
1,2020-08-24T21:00:00Z,2,18,16829E,4091.55064908618
1,2020-08-24T22:00:00Z,2,18,16829E,4027.14850943365
1,2020-08-24T23:00:00Z,2,18,16829E,21567.4953706334
1,2020-08-25T00:00:00Z,2,18,16829E,23184.8954748127
1,2020-08-25T01:00:00Z,2,18,16829E,21604.1513141369
1,2020-08-25T02:00:00Z,2,18,16829E,4051.3506838126
1,2020-08-25T03:00:00Z,2,18,16829E,1550.58070840083
1,2020-08-25T04:00:00Z,2,18,16829E,2168.78288277978
1,2020-08-25T05:00:00Z,2,18,16829E,2126.76997541177
1,2020-08-25T06:00:00Z,2,18,16829E,729.195720694944
1,2020-08-25T07:00:00Z,2,18,16829E,2680.57001013819
1,2020-08-25T08:00:00Z,2,18,16829E,7900.90133289878
1,2020-08-25T09:00:00Z,2,18,16829E,11340.0712388577
1,2020-08-25T10:00:00Z,2,18,16829E,2384.37853402188
1,2020-08-24T12:00:00Z,2,20,16509C,31055.0891600343
1,2020-08-24T13:00:00Z,2,20,16509C,43795.3949262422
1,2020-08-24T14:00:00Z,2,20,16509C,39425.2744308003
1,2020-08-24T15:00:00Z,2,20,16509C,11506.8541216375
1,2020-08-24T16:00:00Z,2,20,16509C,9250.46047114223
1,2020-08-24T17:00:00Z,2,20,16509C,8983.09059990972
1,2020-08-24T18:00:00Z,2,20,16509C,20896.9747808619
1,2020-08-24T19:00:00Z,2,20,16509C,13196.6648546265
1,2020-08-24T20:00:00Z,2,20,16509C,11617.8476679535
1,2020-08-24T21:00:00Z,2,20,16509C,3098.95924242271
1,2020-08-24T22:00:00Z,2,20,16509C,3713.96569610671
1,2020-08-24T23:00:00Z,2,20,16509C,2081.1721150643
1,2020-08-25T00:00:00Z,2,20,16509C,31235.8418098674
1,2020-08-25T01:00:00Z,2,20,16509C,26786.4439147935
1,2020-08-25T02:00:00Z,2,20,16509C,19971.1426513475
1,2020-08-25T03:00:00Z,2,20,16509C,1660.58070840083
1,2020-08-25T04:00:00Z,2,20,16509C,3119.96569610671
1,2020-08-25T06:00:00Z,2,20,16509C,4318.93563679207
1,2020-08-25T08:00:00Z,2,20,16509C,5597.13781117101
1,2020-08-25T09:00:00Z,2,20,16509C,9744.26271497402
1,2020-08-25T10:00:00Z,2,20,16509C,5112.53349713954
1,2020-08-25T11:00:00Z,2,20,16509C,1326.39144138989
1,2020-08-24T12:00:00Z,2,25,14827B,32657.485019635
1,2020-08-24T13:00:00Z,2,25,14827B,63915.714111184
1,2020-08-24T14:00:00Z,2,25,14827B,45642.6588807146
1,2020-08-24T15:00:00Z,2,25,14827B,32660.8469124441
1,2020-08-24T16:00:00Z,2,25,14827B,8908.82681671111
1,2020-08-24T17:00:00Z,2,25,14827B,2387.57425471683
1,2020-08-24T18:00:00Z,2,25,14827B,17767.3604305925
1,2020-08-24T19:00:00Z,2,25,14827B,33154.0454967779
1,2020-08-24T20:00:00Z,2,25,14827B,29633.0110192525
1,2020-08-24T21:00:00Z,2,25,14827B,24846.9771067091
1,2020-08-24T22:00:00Z,2,25,14827B,14345.1839542077
1,2020-08-24T23:00:00Z,2,25,14827B,9937.46913393161
1,2020-08-25T01:00:00Z,2,25,14827B,4049.14850943365
1,2020-08-25T02:00:00Z,2,25,14827B,11841.6477026799
1,2020-08-25T03:00:00Z,2,25,14827B,12996.0133293338
1,2020-08-25T04:00:00Z,2,25,14827B,2874.76997541177
1,2020-08-25T05:00:00Z,2,25,14827B,242
1,2020-08-25T06:00:00Z,2,25,14827B,5865.93139221343
1,2020-08-25T07:00:00Z,2,25,14827B,5596.14426485502
1,2020-08-25T08:00:00Z,2,25,14827B,14037.6133987866
1,2020-08-25T09:00:00Z,2,25,14827B,10764.0369349644
1,2020-08-25T10:00:00Z,2,25,14827B,10069.0799016471
1,2020-08-25T11:00:00Z,2,25,14827B,532.793581042416
1,2020-08-24T12:00:00Z,2,37,10793A,10888.0885644365
1,2020-08-24T13:00:00Z,2,37,10793A,27124.4174231827
1,2020-08-24T14:00:00Z,2,37,10793A,19551.5791172345
1,2020-08-24T15:00:00Z,2,37,10793A,10706.0863553311
1,2020-08-24T16:00:00Z,2,37,10793A,6018.118450119
1,2020-08-24T17:00:00Z,2,37,10793A,177.597860347472
1,2020-08-24T18:00:00Z,2,37,10793A,3358.76997541177
1,2020-08-24T19:00:00Z,2,37,10793A,6910.51210061426
1,2020-08-24T20:00:00Z,2,37,10793A,708.189267010941
1,2020-08-24T21:00:00Z,2,37,10793A,1195.38498770589
1,2020-08-24T22:00:00Z,2,37,10793A,20592.499615212
1,2020-08-24T23:00:00Z,2,37,10793A,7347.70561220384
1,2020-08-25T00:00:00Z,2,37,10793A,9260.26271497402
1,2020-08-25T01:00:00Z,2,37,10793A,729.195720694944
1,2020-08-25T02:00:00Z,2,37,10793A,3977.96569610671
1,2020-08-25T06:00:00Z,2,37,10793A,4918.118450119
1,2020-08-25T08:00:00Z,2,37,10793A,3678.3442301286
1,2020-08-25T09:00:00Z,2,37,10793A,2614.95924242271
1,2020-08-25T10:00:00Z,2,37,10793A,772.591406663469
1,2020-08-25T11:00:00Z,2,37,10793A,577.182813326938
1,2020-08-25T12:00:00Z,3,12,19231J,32911.9443929184
1,2020-08-25T13:00:00Z,3,12,19231J,2324.1656613803
1,2020-08-25T14:00:00Z,3,12,19231J,45593.3085973321
1,2020-08-25T15:00:00Z,3,12,19231J,73710.7573424963
1,2020-08-25T16:00:00Z,3,12,19231J,2545.15920769629
1,2020-08-25T17:00:00Z,3,12,19231J,53506.0996260143
1,2020-08-25T18:00:00Z,3,12,19231J,68573.6323659726
1,2020-08-25T19:00:00Z,3,12,19231J,57964.6577785653
1,2020-08-25T20:00:00Z,3,12,19231J,59256.0154704748
1,2020-08-25T21:00:00Z,3,12,19231J,59316.6470444254
1,2020-08-25T22:00:00Z,3,12,19231J,52931.6372044515
1,2020-08-25T23:00:00Z,3,12,19231J,50259.7195027412
1,2020-08-26T00:00:00Z,3,12,19231J,51021.8909950651
1,2020-08-26T01:00:00Z,3,12,19231J,5823.23636133462
1,2020-08-26T02:00:00Z,3,12,19231J,819.182813326938
1,2020-08-26T03:00:00Z,3,12,19231J,2503.96569610671
1,2020-08-26T04:00:00Z,3,12,19231J,0
1,2020-08-26T05:00:00Z,3,12,19231J,16779.5119885452
1,2020-08-26T08:00:00Z,3,12,19231J,1216.39144138989
1,2020-08-26T09:00:00Z,3,12,19231J,7693.40356271264
1,2020-08-26T10:00:00Z,3,12,19231J,8475.06261680114
1,2020-08-26T11:00:00Z,3,12,19231J,6554.13640553176
1,2020-08-25T12:00:00Z,3,15,18291F,22863.6223099097
1,2020-08-25T13:00:00Z,3,15,18291F,5287.53995082354
1,2020-08-25T14:00:00Z,3,15,18291F,17062.2923457476
1,2020-08-25T15:00:00Z,3,15,18291F,48766.447592664
1,2020-08-25T16:00:00Z,3,15,18291F,31680.6692761115
1,2020-08-25T17:00:00Z,3,15,18291F,5983.70561220384
1,2020-08-25T18:00:00Z,3,15,18291F,18337.4243899589
1,2020-08-25T19:00:00Z,3,15,18291F,69464.76454584
1,2020-08-25T20:00:00Z,3,15,18291F,52314.4477811461
1,2020-08-25T21:00:00Z,3,15,18291F,50684.1767407974
1,2020-08-25T22:00:00Z,3,15,18291F,18602.7383025896
1,2020-08-25T23:00:00Z,3,15,18291F,5533.12490380301
1,2020-08-26T00:00:00Z,3,15,18291F,16277.9281148835
1,2020-08-26T01:00:00Z,3,15,18291F,46017.100538446
1,2020-08-26T02:00:00Z,3,15,18291F,11784.0262367018
1,2020-08-26T03:00:00Z,3,15,18291F,1792.58070840083
1,2020-08-26T04:00:00Z,3,15,18291F,0
1,2020-08-26T05:00:00Z,3,15,18291F,8304.28632060467
1,2020-08-26T06:00:00Z,3,15,18291F,0
1,2020-08-26T07:00:00Z,3,15,18291F,2347.37428944324
1,2020-08-26T08:00:00Z,3,15,18291F,5535.32707818195
1,2020-08-26T09:00:00Z,3,15,18291F,4757.3377764446
1,2020-08-26T10:00:00Z,3,15,18291F,2127.76352172777
1,2020-08-26T11:00:00Z,3,15,18291F,16555.5138811786
1,2020-08-25T12:00:00Z,3,18,16829E,12793.6499117853
1,2020-08-25T13:00:00Z,3,18,16829E,18781.7790601669
1,2020-08-25T14:00:00Z,3,18,16829E,5906.13135748701
1,2020-08-25T16:00:00Z,3,18,16829E,6039.33998554996
1,2020-08-25T17:00:00Z,3,18,16829E,14015.8476679535
1,2020-08-25T18:00:00Z,3,18,16829E,18482.2177128181
1,2020-08-25T19:00:00Z,3,18,16829E,27633.5340927374
1,2020-08-25T20:00:00Z,3,18,16829E,15857.8262714282
1,2020-08-25T21:00:00Z,3,18,16829E,17693.413433513
1,2020-08-25T22:00:00Z,3,18,16829E,16419.0112938605
1,2020-08-25T23:00:00Z,3,18,16829E,13915.0455977538
1,2020-08-26T00:00:00Z,3,18,16829E,3165.56355645419
1,2020-08-26T01:00:00Z,3,18,16829E,6948.12065922437
1,2020-08-26T02:00:00Z,3,18,16829E,3028.1656613803
1,2020-08-26T03:00:00Z,3,18,16829E,1682.58070840083
1,2020-08-26T05:00:00Z,3,18,16829E,906.793581042416
1,2020-08-26T06:00:00Z,3,18,16829E,3251.96569610671
1,2020-08-26T07:00:00Z,3,18,16829E,3276.55710277018
1,2020-08-26T08:00:00Z,3,18,16829E,487.195720694944
1,2020-08-26T09:00:00Z,3,18,16829E,6521.13781117101
1,2020-08-26T10:00:00Z,3,18,16829E,1238.78067367441
1,2020-08-26T11:00:00Z,3,18,16829E,2277.57425471683
1,2020-08-25T12:00:00Z,3,20,16509C,8585.49273956225
1,2020-08-25T13:00:00Z,3,20,16509C,24550.8825674446
1,2020-08-25T14:00:00Z,3,20,16509C,7392.30992623531
1,2020-08-25T16:00:00Z,3,20,16509C,953.384987705885
1,2020-08-25T17:00:00Z,3,20,16509C,5805.11420554037
1,2020-08-25T18:00:00Z,3,20,16509C,31239.6009133844
1,2020-08-25T19:00:00Z,3,20,16509C,42177.2615234324
1,2020-08-25T20:00:00Z,3,20,16509C,13067.4112244077
1,2020-08-25T21:00:00Z,3,20,16509C,23152.4889169494
1,2020-08-25T22:00:00Z,3,20,16509C,45863.8832377442
1,2020-08-25T23:00:00Z,3,20,16509C,23735.2847070972
1,2020-08-26T00:00:00Z,3,20,16509C,17438.7855138509
1,2020-08-26T01:00:00Z,3,20,16509C,8351.26695955266
1,2020-08-26T02:00:00Z,3,20,16509C,775.787127358413
1,2020-08-26T03:00:00Z,3,20,16509C,3294.36783575924
1,2020-08-26T07:00:00Z,3,20,16509C,1967.97639436935
1,2020-08-26T08:00:00Z,3,20,16509C,0
1,2020-08-26T09:00:00Z,3,20,16509C,242
1,2020-08-26T10:00:00Z,3,20,16509C,7637.50564693026
1,2020-08-25T12:00:00Z,3,25,14827B,2568.36783575924
1,2020-08-25T13:00:00Z,3,25,14827B,40154.514618537
1,2020-08-25T14:00:00Z,3,25,14827B,35119.8972083363
1,2020-08-25T15:00:00Z,3,25,14827B,9565.48559915399
1,2020-08-25T16:00:00Z,3,25,14827B,1038.79358104242
1,2020-08-25T17:00:00Z,3,25,14827B,19620.8823566214
1,2020-08-25T18:00:00Z,3,25,14827B,39889.3079910791
1,2020-08-25T19:00:00Z,3,25,14827B,62963.3101787593
1,2020-08-25T20:00:00Z,3,25,14827B,43358.7024647395
1,2020-08-25T21:00:00Z,3,25,14827B,57542.8203597262
1,2020-08-25T22:00:00Z,3,25,14827B,43820.1598289097
1,2020-08-25T23:00:00Z,3,25,14827B,25999.3298483362
1,2020-08-26T00:00:00Z,3,25,14827B,40570.4084485942
1,2020-08-26T01:00:00Z,3,25,14827B,21989.1096962033
1,2020-08-26T02:00:00Z,3,25,14827B,0
1,2020-08-26T03:00:00Z,3,25,14827B,3810.3442301286
1,2020-08-26T04:00:00Z,3,25,14827B,487.195720694944
1,2020-08-26T05:00:00Z,3,25,14827B,4013.55641604592
1,2020-08-26T06:00:00Z,3,25,14827B,1238.78067367441
1,2020-08-26T07:00:00Z,3,25,14827B,974.391441389888
1,2020-08-26T08:00:00Z,3,25,14827B,7599.71137916358
1,2020-08-26T09:00:00Z,3,25,14827B,598.189267010941
1,2020-08-26T10:00:00Z,3,25,14827B,11383.751591458
1,2020-08-26T11:00:00Z,3,25,14827B,10300.6139440695
1,2020-08-25T12:00:00Z,3,37,10793A,4763.72921783448
1,2020-08-25T13:00:00Z,3,37,10793A,1725.97639436935
1,2020-08-25T15:00:00Z,3,37,10793A,1924.58070840083
1,2020-08-25T16:00:00Z,3,37,10793A,4075.55285819155
1,2020-08-25T17:00:00Z,3,37,10793A,2390.76997541177
1,2020-08-25T18:00:00Z,3,37,10793A,12761.551720585
1,2020-08-25T19:00:00Z,3,37,10793A,15517.5746766826
1,2020-08-25T20:00:00Z,3,37,10793A,16886.032794636
1,2020-08-25T21:00:00Z,3,37,10793A,10982.6376441008
1,2020-08-25T22:00:00Z,3,37,10793A,664.793581042416
1,2020-08-25T23:00:00Z,3,37,10793A,953.384987705885
1,2020-08-26T01:00:00Z,3,37,10793A,5454.45181820239
1,2020-08-26T02:00:00Z,3,37,10793A,2885.09043612715
1,2020-08-26T03:00:00Z,3,37,10793A,3359.22879258107
1,2020-08-26T04:00:00Z,3,37,10793A,2299.42875785465
1,2020-08-26T08:00:00Z,3,37,10793A,1017.78712735841
1,2020-08-26T09:00:00Z,3,37,10793A,1331.96348700135
1,2020-08-26T10:00:00Z,3,37,10793A,4225.21809431843
1,2020-08-26T11:00:00Z,3,37,10793A,309.597860347472
1,2020-08-26T12:00:00Z,4,12,19231J,0
1,2020-08-26T13:00:00Z,4,12,19231J,15301.3779147814
1,2020-08-26T14:00:00Z,4,12,19231J,48307.7526604038
1,2020-08-26T15:00:00Z,4,12,19231J,530.591406663469
1,2020-08-26T16:00:00Z,4,12,19231J,8701.06478517371
1,2020-08-26T17:00:00Z,4,12,19231J,57223.6311081542
1,2020-08-26T18:00:00Z,4,12,19231J,60884.907093208
1,2020-08-26T19:00:00Z,4,12,19231J,33746.3407909958
1,2020-08-26T20:00:00Z,4,12,19231J,40141.7782455666
1,2020-08-26T21:00:00Z,4,12,19231J,33002.2141282661
1,2020-08-26T22:00:00Z,4,12,19231J,33228.2222415345
1,2020-08-26T23:00:00Z,4,12,19231J,1437.38498770588
1,2020-08-27T00:00:00Z,4,12,19231J,25098.2047444274
1,2020-08-27T01:00:00Z,4,12,19231J,7811.97266815671
1,2020-08-27T03:00:00Z,4,12,19231J,1614.98284805336
1,2020-08-27T04:00:00Z,4,12,19231J,12920.2580307482
1,2020-08-27T05:00:00Z,4,12,19231J,0
1,2020-08-27T06:00:00Z,4,12,19231J,907.787127358413
1,2020-08-27T07:00:00Z,4,12,19231J,1725.97639436935
1,2020-08-27T08:00:00Z,4,12,19231J,0
1,2020-08-27T10:00:00Z,4,12,19231J,13895.4329802623
1,2020-08-26T12:00:00Z,4,15,18291F,26380.415308478
1,2020-08-26T13:00:00Z,4,15,18291F,26238.3600490922
1,2020-08-26T14:00:00Z,4,15,18291F,7186.55940627619
1,2020-08-26T15:00:00Z,4,15,18291F,4988.26255119145
1,2020-08-26T16:00:00Z,4,15,18291F,33473.8820198034
1,2020-08-26T17:00:00Z,4,15,18291F,15419.3768734737
1,2020-08-26T18:00:00Z,4,15,18291F,11070.6326904567
1,2020-08-26T19:00:00Z,4,15,18291F,62074.7009831432
1,2020-08-26T20:00:00Z,4,15,18291F,37610.5267596301
1,2020-08-26T21:00:00Z,4,15,18291F,68933.576426569
1,2020-08-26T22:00:00Z,4,15,18291F,61687.2112856656
1,2020-08-26T23:00:00Z,4,15,18291F,72941.886330463
1,2020-08-27T00:00:00Z,4,15,18291F,52571.9049568341
1,2020-08-27T01:00:00Z,4,15,18291F,19243.7720141593
1,2020-08-27T02:00:00Z,4,15,18291F,18863.9848868009
1,2020-08-27T03:00:00Z,4,15,18291F,12803.2706811896
1,2020-08-27T04:00:00Z,4,15,18291F,7176.88842553078
1,2020-08-27T05:00:00Z,4,15,18291F,15335.9267190937
1,2020-08-27T06:00:00Z,4,15,18291F,177.597860347472
1,2020-08-27T08:00:00Z,4,15,18291F,1416.37853402188
1,2020-08-27T09:00:00Z,4,15,18291F,2177.89471543221
1,2020-08-27T10:00:00Z,4,15,18291F,15028.5667328082
1,2020-08-27T11:00:00Z,4,15,18291F,532.793581042416
1,2020-08-26T12:00:00Z,4,18,16829E,3254.16787048566
1,2020-08-26T13:00:00Z,4,18,16829E,10778.477796721
1,2020-08-26T14:00:00Z,4,18,16829E,12597.0326903858
1,2020-08-26T15:00:00Z,4,18,16829E,2145.57425471683
1,2020-08-26T16:00:00Z,4,18,16829E,5130.3442301286
1,2020-08-26T17:00:00Z,4,18,16829E,22183.7705710096
1,2020-08-26T18:00:00Z,4,18,16829E,23548.3339538317
1,2020-08-26T19:00:00Z,4,18,16829E,15109.0478068592
1,2020-08-26T20:00:00Z,4,18,16829E,9909.29277428867
1,2020-08-26T21:00:00Z,4,18,16829E,708.189267010941
1,2020-08-26T22:00:00Z,4,18,16829E,9455.28207602603
1,2020-08-26T23:00:00Z,4,18,16829E,14665.2477721327
1,2020-08-27T00:00:00Z,4,18,16829E,26898.2568568879
1,2020-08-27T01:00:00Z,4,18,16829E,4115.75282346513
1,2020-08-27T02:00:00Z,4,18,16829E,0
1,2020-08-27T03:00:00Z,4,18,16829E,0
1,2020-08-27T04:00:00Z,4,18,16829E,2430.58070840083
1,2020-08-27T06:00:00Z,4,18,16829E,971.195720694944
1,2020-08-27T07:00:00Z,4,18,16829E,5841.72921783448
1,2020-08-27T08:00:00Z,4,18,16829E,177.597860347472
1,2020-08-27T09:00:00Z,4,18,16829E,4338.55931187555
1,2020-08-27T10:00:00Z,4,18,16829E,7873.71851957184
1,2020-08-27T11:00:00Z,4,18,16829E,2276.58070840083
1,2020-08-26T12:00:00Z,4,20,16509C,4799.3506838126
1,2020-08-26T13:00:00Z,4,20,16509C,24913.637426383
1,2020-08-26T14:00:00Z,4,20,16509C,6351.31417081395
1,2020-08-26T15:00:00Z,4,20,16509C,2234.1785687483
1,2020-08-26T16:00:00Z,4,20,16509C,1483.97639436935
1,2020-08-26T17:00:00Z,4,20,16509C,14523.6004914186
1,2020-08-26T18:00:00Z,4,20,16509C,27724.9988084583
1,2020-08-26T19:00:00Z,4,20,16509C,6588.73567151849
1,2020-08-26T20:00:00Z,4,20,16509C,10057.230446554
1,2020-08-26T21:00:00Z,4,20,16509C,25075.4717650027
1,2020-08-26T22:00:00Z,4,20,16509C,13960.8176086388
1,2020-08-26T23:00:00Z,4,20,16509C,26416.807332342
1,2020-08-27T00:00:00Z,4,20,16509C,7571.89487921478
1,2020-08-27T01:00:00Z,4,20,16509C,4790.69694941447
1,2020-08-27T03:00:00Z,4,20,16509C,466.189267010941
1,2020-08-27T04:00:00Z,4,20,16509C,3512.1656613803
1,2020-08-27T06:00:00Z,4,20,16509C,0
1,2020-08-27T07:00:00Z,4,20,16509C,3807.14850943365
1,2020-08-27T09:00:00Z,4,20,16509C,3516.35492839124
1,2020-08-27T10:00:00Z,4,20,16509C,7726.2841114993
1,2020-08-26T12:00:00Z,4,25,14827B,4055.88401716957
1,2020-08-26T13:00:00Z,4,25,14827B,177.597860347472
1,2020-08-26T14:00:00Z,4,25,14827B,14619.363871705
1,2020-08-26T15:00:00Z,4,25,14827B,14154.9917815176
1,2020-08-26T16:00:00Z,4,25,14827B,11736.7688378053
1,2020-08-26T17:00:00Z,4,25,14827B,56532.4017078105
1,2020-08-26T18:00:00Z,4,25,14827B,54378.776517518
1,2020-08-26T19:00:00Z,4,25,14827B,34773.6678234316
1,2020-08-26T20:00:00Z,4,25,14827B,19340.4659608518
1,2020-08-26T22:00:00Z,4,25,14827B,5847.33063603633
1,2020-08-26T23:00:00Z,4,25,14827B,12742.8978917863
1,2020-08-27T00:00:00Z,4,25,14827B,35704.2548812662
1,2020-08-27T01:00:00Z,4,25,14827B,14205.897205062
1,2020-08-27T02:00:00Z,4,25,14827B,264
1,2020-08-27T03:00:00Z,4,25,14827B,1245.51618141033
1,2020-08-27T04:00:00Z,4,25,14827B,2037.77642909577
1,2020-08-27T05:00:00Z,4,25,14827B,309.597860347472
1,2020-08-27T06:00:00Z,4,25,14827B,7764.3465336346
1,2020-08-27T07:00:00Z,4,25,14827B,6842.72853111022
1,2020-08-27T09:00:00Z,4,25,14827B,7021.67979746782
1,2020-08-27T10:00:00Z,4,25,14827B,1351.97639436935
1,2020-08-27T11:00:00Z,4,25,14827B,3765.13560206565
1,2020-08-26T13:00:00Z,4,37,10793A,7439.96941774366
1,2020-08-26T14:00:00Z,4,37,10793A,5803.93495006781
1,2020-08-26T15:00:00Z,4,37,10793A,0
1,2020-08-26T16:00:00Z,4,37,10793A,1480.39144138989
1,2020-08-26T17:00:00Z,4,37,10793A,8164.12286832974
1,2020-08-26T18:00:00Z,4,37,10793A,6688.8740279724
1,2020-08-26T19:00:00Z,4,37,10793A,9220.36660375208
1,2020-08-26T20:00:00Z,4,37,10793A,355.195720694944
1,2020-08-26T21:00:00Z,4,37,10793A,8205.98955992057
1,2020-08-26T22:00:00Z,4,37,10793A,4675.92778731834
1,2020-08-26T23:00:00Z,4,37,10793A,2176.90116911621
1,2020-08-27T00:00:00Z,4,37,10793A,4952.89047085357
1,2020-08-27T01:00:00Z,4,37,10793A,6451.45252726786
1,2020-08-27T02:00:00Z,4,37,10793A,1992.1785687483
1,2020-08-27T03:00:00Z,4,37,10793A,309.597860347472
1,2020-08-27T04:00:00Z,4,37,10793A,551.597860347472
1,2020-08-27T07:00:00Z,4,37,10793A,1903.57425471683
1,2020-08-27T08:00:00Z,4,37,10793A,177.597860347472
1,2020-08-27T09:00:00Z,4,37,10793A,3174.89542449768
1,2020-08-27T10:00:00Z,4,37,10793A,1416.37853402188
1,2020-08-27T12:00:00Z,5,12,19231J,1437.38498770588
1,2020-08-27T13:00:00Z,5,12,19231J,46140.1361255598
1,2020-08-27T14:00:00Z,5,12,19231J,57600.4754843905
1,2020-08-27T15:00:00Z,5,12,19231J,0
1,2020-08-27T16:00:00Z,5,12,19231J,27391.938761695
1,2020-08-27T17:00:00Z,5,12,19231J,85785.9267879797
1,2020-08-27T18:00:00Z,5,12,19231J,46378.2335230907
1,2020-08-27T19:00:00Z,5,12,19231J,31957.7326281479
1,2020-08-27T20:00:00Z,5,12,19231J,42018.8890076036
1,2020-08-27T21:00:00Z,5,12,19231J,28854.1391118892
1,2020-08-27T22:00:00Z,5,12,19231J,177.597860347472
1,2020-08-27T23:00:00Z,5,12,19231J,1728.1785687483
1,2020-08-28T00:00:00Z,5,12,19231J,25017.2075112737
1,2020-08-28T01:00:00Z,5,12,19231J,932.378534021882
1,2020-08-28T02:00:00Z,5,12,19231J,0
1,2020-08-28T03:00:00Z,5,12,19231J,1993.56134734882
1,2020-08-28T04:00:00Z,5,12,19231J,466.189267010941
1,2020-08-28T06:00:00Z,5,12,19231J,10756.6981687342
1,2020-08-28T07:00:00Z,5,12,19231J,3526.2861568221
1,2020-08-28T09:00:00Z,5,12,19231J,9703.58742026804
1,2020-08-28T10:00:00Z,5,12,19231J,30652.8679740832
1,2020-08-28T11:00:00Z,5,12,19231J,2503.96569610671
1,2020-08-27T12:00:00Z,5,15,18291F,6431.05038761533
1,2020-08-27T13:00:00Z,5,15,18291F,55083.02606726
1,2020-08-27T14:00:00Z,5,15,18291F,33245.989654918
1,2020-08-27T15:00:00Z,5,15,18291F,11102.1552213009
1,2020-08-27T16:00:00Z,5,15,18291F,1306.37853402188
1,2020-08-27T17:00:00Z,5,15,18291F,3842.66469084398
1,2020-08-27T18:00:00Z,5,15,18291F,35394.4534977908
1,2020-08-27T19:00:00Z,5,15,18291F,6045.90557747742
1,2020-08-27T20:00:00Z,5,15,18291F,1038.79358104242
1,2020-08-27T21:00:00Z,5,15,18291F,16026.1905022924
1,2020-08-27T22:00:00Z,5,15,18291F,32916.0031697788
1,2020-08-27T23:00:00Z,5,15,18291F,37994.0786630647
1,2020-08-28T00:00:00Z,5,15,18291F,15009.9768163351
1,2020-08-28T01:00:00Z,5,15,18291F,2369.76352172777
1,2020-08-28T02:00:00Z,5,15,18291F,1195.38498770588
1,2020-08-28T03:00:00Z,5,15,18291F,1729.1721150643
1,2020-08-28T04:00:00Z,5,15,18291F,4993.06108587797
1,2020-08-28T05:00:00Z,5,15,18291F,2929.69970380273
1,2020-08-28T06:00:00Z,5,15,18291F,484
1,2020-08-28T07:00:00Z,5,15,18291F,1771.57425471683
1,2020-08-28T08:00:00Z,5,15,18291F,1707.1721150643
1,2020-08-28T09:00:00Z,5,15,18291F,43051.887606272
1,2020-08-28T10:00:00Z,5,15,18291F,34883.2205648813
1,2020-08-28T11:00:00Z,5,15,18291F,24265.470369213
1,2020-08-27T12:00:00Z,5,18,16829E,1792.58070840083
1,2020-08-27T13:00:00Z,5,18,16829E,12277.6735174159
1,2020-08-27T14:00:00Z,5,18,16829E,1792.58070840083
1,2020-08-27T16:00:00Z,5,18,16829E,13317.2455630274
1,2020-08-27T17:00:00Z,5,18,16829E,26843.6761484871
1,2020-08-27T18:00:00Z,5,18,16829E,10169.4927395622
1,2020-08-27T19:00:00Z,5,18,16829E,1455.19572069494
1,2020-08-27T20:00:00Z,5,18,16829E,14730.0391440698
1,2020-08-27T21:00:00Z,5,18,16829E,16038.6198524706
1,2020-08-27T22:00:00Z,5,18,16829E,7654.10775185636
1,2020-08-27T23:00:00Z,5,18,16829E,2629.57425471683
1,2020-08-28T00:00:00Z,5,18,16829E,13959.8240623228
1,2020-08-28T01:00:00Z,5,18,16829E,708.189267010941
1,2020-08-28T02:00:00Z,5,18,16829E,664.793581042416
1,2020-08-28T03:00:00Z,5,18,16829E,309.597860347472
1,2020-08-28T05:00:00Z,5,18,16829E,4557.3506838126
1,2020-08-28T06:00:00Z,5,18,16829E,0
1,2020-08-28T07:00:00Z,5,18,16829E,487.195720694944
1,2020-08-28T08:00:00Z,5,18,16829E,2169.77642909577
1,2020-08-28T09:00:00Z,5,18,16829E,10555.282076026
1,2020-08-28T10:00:00Z,5,18,16829E,18602.7984212189
1,2020-08-28T11:00:00Z,5,18,16829E,7346.71206588784
1,2020-08-27T12:00:00Z,5,20,16509C,13504.6047359973
1,2020-08-27T13:00:00Z,5,20,16509C,29998.1687144172
1,2020-08-27T14:00:00Z,5,20,16509C,26588.4029835841
1,2020-08-27T16:00:00Z,5,20,16509C,3212.15496311766
1,2020-08-27T17:00:00Z,5,20,16509C,24918.2760443078
1,2020-08-27T18:00:00Z,5,20,16509C,10065.2798669207
1,2020-08-27T19:00:00Z,5,20,16509C,2699.37428944325
1,2020-08-27T20:00:00Z,5,20,16509C,23398.3490703051
1,2020-08-27T21:00:00Z,5,20,16509C,6615.31417081395
1,2020-08-27T22:00:00Z,5,20,16509C,24842.9039639699
1,2020-08-27T23:00:00Z,5,20,16509C,21505.9189068112
1,2020-08-28T00:00:00Z,5,20,16509C,2676.1656613803
1,2020-08-28T01:00:00Z,5,20,16509C,729.195720694944
1,2020-08-28T02:00:00Z,5,20,16509C,1483.97639436935
1,2020-08-28T03:00:00Z,5,20,16509C,0
1,2020-08-28T05:00:00Z,5,20,16509C,953.384987705885
1,2020-08-28T07:00:00Z,5,20,16509C,643.787127358413
1,2020-08-28T08:00:00Z,5,20,16509C,4692.93563679207
1,2020-08-28T09:00:00Z,5,20,16509C,9627.87127358413
1,2020-08-28T10:00:00Z,5,20,16509C,13840.0627497004
1,2020-08-28T11:00:00Z,5,20,16509C,7613.30347255131
1,2020-08-27T12:00:00Z,5,25,14827B,11896.7760005547
1,2020-08-27T13:00:00Z,5,25,14827B,0
1,2020-08-27T14:00:00Z,5,25,14827B,15949.6793787763
1,2020-08-27T15:00:00Z,5,25,14827B,6954.3313451018
1,2020-08-27T16:00:00Z,5,25,14827B,7778.91205350263
1,2020-08-27T17:00:00Z,5,25,14827B,50972.3978447322
1,2020-08-27T18:00:00Z,5,25,14827B,35813.8419489504
1,2020-08-27T19:00:00Z,5,25,14827B,5114.32992697086
1,2020-08-27T20:00:00Z,5,25,14827B,19450.8944730149
1,2020-08-27T21:00:00Z,5,25,14827B,2568.36783575924
1,2020-08-27T22:00:00Z,5,25,14827B,15530.1052184601
1,2020-08-27T23:00:00Z,5,25,14827B,31787.8855553166
1,2020-08-28T00:00:00Z,5,25,14827B,18701.891624226
1,2020-08-28T01:00:00Z,5,25,14827B,0
1,2020-08-28T02:00:00Z,5,25,14827B,1240.98284805336
1,2020-08-28T03:00:00Z,5,25,14827B,487.195720694944
1,2020-08-28T04:00:00Z,5,25,14827B,2242.29685508474
1,2020-08-28T05:00:00Z,5,25,14827B,177.597860347472
1,2020-08-28T06:00:00Z,5,25,14827B,4770.59371016948
1,2020-08-28T07:00:00Z,5,25,14827B,0
1,2020-08-28T08:00:00Z,5,25,14827B,1151.98930173736
1,2020-08-28T09:00:00Z,5,25,14827B,23236.347768916
1,2020-08-28T10:00:00Z,5,25,14827B,28671.0575536391
1,2020-08-28T11:00:00Z,5,25,14827B,6113.50343782489
1,2020-08-27T12:00:00Z,5,37,10793A,1151.98930173736
1,2020-08-27T13:00:00Z,5,37,10793A,8089.42396799311
1,2020-08-27T14:00:00Z,5,37,10793A,2745.57646382219
1,2020-08-27T15:00:00Z,5,37,10793A,487.195720694944
1,2020-08-27T16:00:00Z,5,37,10793A,1483.97639436935
1,2020-08-27T17:00:00Z,5,37,10793A,6624.85616696029
1,2020-08-27T18:00:00Z,5,37,10793A,9785.06699427907
1,2020-08-27T19:00:00Z,5,37,10793A,4890.40586128947
1,2020-08-27T21:00:00Z,5,37,10793A,0
1,2020-08-27T22:00:00Z,5,37,10793A,0
1,2020-08-27T23:00:00Z,5,37,10793A,2946.94633505471
1,2020-08-28T00:00:00Z,5,37,10793A,2390.76997541177
1,2020-08-28T01:00:00Z,5,37,10793A,7963.94439398208
1,2020-08-28T02:00:00Z,5,37,10793A,4937.13781117101
1,2020-08-28T04:00:00Z,5,37,10793A,1593.97639436935
1,2020-08-28T05:00:00Z,5,37,10793A,466.189267010941
1,2020-08-28T06:00:00Z,5,37,10793A,441.597860347472
1,2020-08-28T07:00:00Z,5,37,10793A,1661.57425471683
1,2020-08-28T09:00:00Z,5,37,10793A,3187.95278873871
1,2020-08-28T10:00:00Z,5,37,10793A,7663.09059990972
1,2020-08-28T11:00:00Z,5,37,10793A,5072.33353186596
1,2020-08-28T12:00:00Z,6,12,19231J,2369.76352172777
1,2020-08-28T14:00:00Z,6,12,19231J,19108.4797934791
1,2020-08-28T15:00:00Z,6,12,19231J,4007.13560206565
1,2020-08-28T16:00:00Z,6,12,19231J,71036.4664415644
1,2020-08-28T17:00:00Z,6,12,19231J,38036.4311290229
1,2020-08-28T18:00:00Z,6,12,19231J,16354.9040647501
1,2020-08-28T19:00:00Z,6,12,19231J,1437.38498770588
1,2020-08-28T20:00:00Z,6,12,19231J,3960.15496311766
1,2020-08-28T21:00:00Z,6,12,19231J,15844.8304264618
1,2020-08-28T22:00:00Z,6,12,19231J,27552.5794991442
1,2020-08-28T23:00:00Z,6,12,19231J,24750.5492903655
1,2020-08-29T00:00:00Z,6,12,19231J,6768.39516302683
1,2020-08-29T01:00:00Z,6,12,19231J,355.195720694944
1,2020-08-29T03:00:00Z,6,12,19231J,1128.78067367441
1,2020-08-29T04:00:00Z,6,12,19231J,5000.40586128947
1,2020-08-29T05:00:00Z,6,12,19231J,796.793581042416
1,2020-08-29T06:00:00Z,6,12,19231J,2434.1656613803
1,2020-08-29T07:00:00Z,6,12,19231J,2106.75706804376
1,2020-08-29T08:00:00Z,6,12,19231J,7966.18677725899
1,2020-08-29T09:00:00Z,6,12,19231J,825.918321062856
1,2020-08-29T10:00:00Z,6,12,19231J,2733.29756415021
1,2020-08-29T11:00:00Z,6,12,19231J,3610.74636978112
1,2020-08-28T12:00:00Z,6,15,18291F,3105.69475015863
1,2020-08-28T13:00:00Z,6,15,18291F,5610.26971394092
1,2020-08-28T14:00:00Z,6,15,18291F,11458.135079124
1,2020-08-28T15:00:00Z,6,15,18291F,3430.94633505471
1,2020-08-28T16:00:00Z,6,15,18291F,40038.7605157048
1,2020-08-28T17:00:00Z,6,15,18291F,27863.0884164198
1,2020-08-28T18:00:00Z,6,15,18291F,13952.408328578
1,2020-08-28T19:00:00Z,6,15,18291F,4247.75282346513
1,2020-08-28T20:00:00Z,6,15,18291F,2686.70615748674
1,2020-08-28T21:00:00Z,6,15,18291F,839.195720694944
1,2020-08-28T22:00:00Z,6,15,18291F,16556.4378426098
1,2020-08-28T23:00:00Z,6,15,18291F,21796.6128758449
1,2020-08-29T00:00:00Z,6,15,18291F,2985.76352172777
1,2020-08-29T01:00:00Z,6,15,18291F,355.195720694944
1,2020-08-29T02:00:00Z,6,15,18291F,1419.57425471683
1,2020-08-29T03:00:00Z,6,15,18291F,9682.08056367183
1,2020-08-29T04:00:00Z,6,15,18291F,25115.9563969081
1,2020-08-29T05:00:00Z,6,15,18291F,0
1,2020-08-29T06:00:00Z,6,15,18291F,950.189267010941
1,2020-08-29T07:00:00Z,6,15,18291F,6347.5837209723
1,2020-08-29T09:00:00Z,6,15,18291F,466.189267010941
1,2020-08-29T10:00:00Z,6,15,18291F,10237.205350733
1,2020-08-29T11:00:00Z,6,15,18291F,6383.63463152933
1,2020-08-28T12:00:00Z,6,18,16829E,1593.97639436935
1,2020-08-28T14:00:00Z,6,18,16829E,8234.48628587825
1,2020-08-28T15:00:00Z,6,18,16829E,309.597860347472
1,2020-08-28T16:00:00Z,6,18,16829E,17881.1618387674
1,2020-08-28T17:00:00Z,6,18,16829E,19550.1811998194
1,2020-08-28T18:00:00Z,6,18,16829E,3343.16141680166
1,2020-08-28T19:00:00Z,6,18,16829E,3603.96569610671
1,2020-08-28T20:00:00Z,6,18,16829E,9163.49494866762
1,2020-08-28T21:00:00Z,6,18,16829E,11854.8799363735
1,2020-08-28T22:00:00Z,6,18,16829E,11786.28852971
1,2020-08-28T23:00:00Z,6,18,16829E,5662.74857888649
1,2020-08-29T00:00:00Z,6,18,16829E,7104.71206588784
1,2020-08-29T01:00:00Z,6,18,16829E,309.597860347472
1,2020-08-29T02:00:00Z,6,18,16829E,2390.76997541177
1,2020-08-29T03:00:00Z,6,18,16829E,906.793581042416
1,2020-08-29T05:00:00Z,6,18,16829E,3052.36783575924
1,2020-08-29T07:00:00Z,6,18,16829E,885.787127358413
1,2020-08-29T08:00:00Z,6,18,16829E,3163.36138207524
1,2020-08-29T10:00:00Z,6,18,16829E,5507.53995082354
1,2020-08-29T11:00:00Z,6,18,16829E,3589.3506838126
1,2020-08-28T12:00:00Z,6,20,16509C,1174.37853402188
1,2020-08-28T13:00:00Z,6,20,16509C,7634.30992623531
1,2020-08-28T14:00:00Z,6,20,16509C,5442.14426485502
1,2020-08-28T15:00:00Z,6,20,16509C,906.793581042416
1,2020-08-28T16:00:00Z,6,20,16509C,26086.6523692243
1,2020-08-28T17:00:00Z,6,20,16509C,34842.3579814282
1,2020-08-28T18:00:00Z,6,20,16509C,8386.88842553077
1,2020-08-28T19:00:00Z,6,20,16509C,7634.30992623531
1,2020-08-28T20:00:00Z,6,20,16509C,11315.8498770589
1,2020-08-28T21:00:00Z,6,20,16509C,11900.8670290055
1,2020-08-28T22:00:00Z,6,20,16509C,16314.2542258168
1,2020-08-28T23:00:00Z,6,20,16509C,8631.09059990972
1,2020-08-29T00:00:00Z,6,20,16509C,9974.08414622572
1,2020-08-29T03:00:00Z,6,20,16509C,177.597860347472
1,2020-08-29T04:00:00Z,6,20,16509C,1372.98284805336
1,2020-08-29T05:00:00Z,6,20,16509C,4714.93563679207
1,2020-08-29T06:00:00Z,6,20,16509C,1437.38498770589
1,2020-08-29T07:00:00Z,6,20,16509C,1437.38498770588
1,2020-08-29T09:00:00Z,6,20,16509C,5063.3506838126
1,2020-08-29T10:00:00Z,6,20,16509C,2145.57425471683
1,2020-08-29T11:00:00Z,6,20,16509C,1725.97639436935
1,2020-08-28T12:00:00Z,6,25,14827B,355.195720694944
1,2020-08-28T13:00:00Z,6,25,14827B,11930.6706215863
1,2020-08-28T14:00:00Z,6,25,14827B,7365.12711290837
1,2020-08-28T15:00:00Z,6,25,14827B,906.793581042416
1,2020-08-28T16:00:00Z,6,25,14827B,44772.9031515703
1,2020-08-28T17:00:00Z,6,25,14827B,46150.6143222689
1,2020-08-28T18:00:00Z,6,25,14827B,45885.4515790594
1,2020-08-28T19:00:00Z,6,25,14827B,11431.2705397482
1,2020-08-28T20:00:00Z,6,25,14827B,1063.38498770589
1,2020-08-28T21:00:00Z,6,25,14827B,9321.49850652199
1,2020-08-28T22:00:00Z,6,25,14827B,47354.3577241609
1,2020-08-28T23:00:00Z,6,25,14827B,44243.701803034
1,2020-08-29T00:00:00Z,6,25,14827B,5028.118450119
1,2020-08-29T01:00:00Z,6,25,14827B,0
1,2020-08-29T02:00:00Z,6,25,14827B,5360.92493852943
1,2020-08-29T03:00:00Z,6,25,14827B,6899.95509224472
1,2020-08-29T04:00:00Z,6,25,14827B,0
1,2020-08-29T05:00:00Z,6,25,14827B,3098.95924242271
1,2020-08-29T06:00:00Z,6,25,14827B,2833.70544842127
1,2020-08-29T07:00:00Z,6,25,14827B,0
1,2020-08-29T08:00:00Z,6,25,14827B,0
1,2020-08-29T09:00:00Z,6,25,14827B,13937.143836314
1,2020-08-29T10:00:00Z,6,25,14827B,4344.6954592241
1,2020-08-29T11:00:00Z,6,25,14827B,3165.56355645419
1,2020-08-28T12:00:00Z,6,37,10793A,2102.1785687483
1,2020-08-28T14:00:00Z,6,37,10793A,1148.79358104242
1,2020-08-28T16:00:00Z,6,37,10793A,5497.84750417092
1,2020-08-28T17:00:00Z,6,37,10793A,4949.44536451839
1,2020-08-28T18:00:00Z,6,37,10793A,5433.66539990945
1,2020-08-28T19:00:00Z,6,37,10793A,309.597860347472
1,2020-08-28T20:00:00Z,6,37,10793A,309.597860347472
1,2020-08-28T22:00:00Z,6,37,10793A,664.793581042416
1,2020-08-28T23:00:00Z,6,37,10793A,6782.83035222428
1,2020-08-29T00:00:00Z,6,37,10793A,7244.87551816277
1,2020-08-29T01:00:00Z,6,37,10793A,3451.41805959201
1,2020-08-29T02:00:00Z,6,37,10793A,177.597860347472
1,2020-08-29T03:00:00Z,6,37,10793A,1597.1721150643
1,2020-08-29T04:00:00Z,6,37,10793A,0
1,2020-08-29T06:00:00Z,6,37,10793A,4541.91627574006
1,2020-08-29T08:00:00Z,6,37,10793A,1259.78712735841
1,2020-08-29T09:00:00Z,6,37,10793A,0
1,2020-08-29T10:00:00Z,6,37,10793A,466.189267010941
1,2020-08-29T11:00:00Z,6,37,10793A,5800.70985678247
1,2020-08-29T12:00:00Z,7,12,19231J,242
1,2020-08-29T13:00:00Z,7,12,19231J,35865.2631618295
1,2020-08-29T14:00:00Z,7,12,19231J,51292.1383433034
1,2020-08-29T15:00:00Z,7,12,19231J,15877.4586904558
1,2020-08-29T16:00:00Z,7,12,19231J,27411.428550374
1,2020-08-29T17:00:00Z,7,12,19231J,24268.1311513756
1,2020-08-29T18:00:00Z,7,12,19231J,6256.04393393133
1,2020-08-29T19:00:00Z,7,12,19231J,4473.32486907659
1,2020-08-29T20:00:00Z,7,12,19231J,4465.78943086442
1,2020-08-29T21:00:00Z,7,12,19231J,25796.6869279044
1,2020-08-29T22:00:00Z,7,12,19231J,17153.9066489763
1,2020-08-29T23:00:00Z,7,12,19231J,19459.3444611977
1,2020-08-30T00:00:00Z,7,12,19231J,466.189267010941
1,2020-08-30T01:00:00Z,7,12,19231J,2061.15920769629
1,2020-08-30T03:00:00Z,7,12,19231J,6623.95211396591
1,2020-08-30T06:00:00Z,7,12,19231J,132
1,2020-08-30T07:00:00Z,7,12,19231J,2390.76997541177
1,2020-08-30T08:00:00Z,7,12,19231J,3792.87756348557
1,2020-08-30T09:00:00Z,7,12,19231J,7323.35794096271
1,2020-08-30T10:00:00Z,7,12,19231J,309.597860347472
1,2020-08-30T11:00:00Z,7,12,19231J,8831.38911534691
1,2020-08-29T12:00:00Z,7,15,18291F,7148.95580131018
1,2020-08-29T13:00:00Z,7,15,18291F,6109.31417081395
1,2020-08-29T14:00:00Z,7,15,18291F,3413.13560206565
1,2020-08-29T15:00:00Z,7,15,18291F,39318.4958721499
1,2020-08-29T16:00:00Z,7,15,18291F,44001.2013801036
1,2020-08-29T17:00:00Z,7,15,18291F,24949.9921909917
1,2020-08-29T18:00:00Z,7,15,18291F,21353.1792340473
1,2020-08-29T19:00:00Z,7,15,18291F,29837.271916471
1,2020-08-29T20:00:00Z,7,15,18291F,4925.07399324598
1,2020-08-29T21:00:00Z,7,15,18291F,20373.697403571
1,2020-08-29T22:00:00Z,7,15,18291F,6491.47834200387
1,2020-08-29T23:00:00Z,7,15,18291F,6252.84821323639
1,2020-08-30T00:00:00Z,7,15,18291F,12922.7430924512
1,2020-08-30T01:00:00Z,7,15,18291F,885.787127358413
1,2020-08-30T02:00:00Z,7,15,18291F,2655.15920769629
1,2020-08-30T03:00:00Z,7,15,18291F,355.195720694944
1,2020-08-30T04:00:00Z,7,15,18291F,953.384987705885
1,2020-08-30T05:00:00Z,7,15,18291F,1529.57425471683
1,2020-08-30T06:00:00Z,7,15,18291F,5256.06753956198
1,2020-08-30T07:00:00Z,7,15,18291F,177.597860347472
1,2020-08-30T08:00:00Z,7,15,18291F,16793.8335509195
1,2020-08-30T09:00:00Z,7,15,18291F,8491.56506898576
1,2020-08-30T11:00:00Z,7,15,18291F,14711.338056969
1,2020-08-29T12:00:00Z,7,18,16829E,885.787127358413
1,2020-08-29T14:00:00Z,7,18,16829E,6815.12711290838
1,2020-08-29T15:00:00Z,7,18,16829E,20595.9705362832
1,2020-08-29T16:00:00Z,7,18,16829E,21901.9598380206
1,2020-08-29T17:00:00Z,7,18,16829E,5796.13135748701
1,2020-08-29T18:00:00Z,7,18,16829E,2498.1785687483
1,2020-08-29T19:00:00Z,7,18,16829E,10463.0928090151
1,2020-08-29T20:00:00Z,7,18,16829E,5489.72921783448
1,2020-08-29T21:00:00Z,7,18,16829E,6148.73567151849
1,2020-08-29T22:00:00Z,7,18,16829E,15884.8349342176
1,2020-08-29T23:00:00Z,7,18,16829E,10344.4991932463
1,2020-08-30T00:00:00Z,7,18,16829E,2411.77642909577
1,2020-08-30T02:00:00Z,7,18,16829E,1571.58716208483
1,2020-08-30T03:00:00Z,7,18,16829E,1437.38498770589
1,2020-08-30T04:00:00Z,7,18,16829E,1416.37853402188
1,2020-08-30T05:00:00Z,7,18,16829E,177.597860347472
1,2020-08-30T06:00:00Z,7,18,16829E,1682.58070840083
1,2020-08-30T07:00:00Z,7,18,16829E,309.597860347472
1,2020-08-30T08:00:00Z,7,18,16829E,2233.1850224323
1,2020-08-30T09:00:00Z,7,18,16829E,441.597860347472
1,2020-08-30T10:00:00Z,7,18,16829E,5415.3506838126
1,2020-08-30T11:00:00Z,7,18,16829E,3649.56355645419
1,2020-08-29T12:00:00Z,7,20,16509C,12996.6777619946
1,2020-08-29T13:00:00Z,7,20,16509C,13033.2326556594
1,2020-08-29T14:00:00Z,7,20,16509C,177.597860347472
1,2020-08-29T15:00:00Z,7,20,16509C,32514.2181347839
1,2020-08-29T16:00:00Z,7,20,16509C,19042.1941071875
1,2020-08-29T17:00:00Z,7,20,16509C,14204.0262367018
1,2020-08-29T18:00:00Z,7,20,16509C,13688.0498423324
1,2020-08-29T19:00:00Z,7,20,16509C,4291.14850943365
1,2020-08-29T20:00:00Z,7,20,16509C,14266.0520514378
1,2020-08-29T21:00:00Z,7,20,16509C,11658.8670290055
1,2020-08-29T22:00:00Z,7,20,16509C,20194.5726412093
1,2020-08-29T23:00:00Z,7,20,16509C,1792.58070840083
1,2020-08-30T00:00:00Z,7,20,16509C,4579.73991609712
1,2020-08-30T05:00:00Z,7,20,16509C,6961.74212520249
1,2020-08-30T06:00:00Z,7,20,16509C,3536.36783575924
1,2020-08-30T07:00:00Z,7,20,16509C,0
1,2020-08-30T09:00:00Z,7,20,16509C,4003.55064908618
1,2020-08-30T11:00:00Z,7,20,16509C,14996.6305507333
1,2020-08-29T12:00:00Z,7,25,14827B,3031.36138207524
1,2020-08-29T13:00:00Z,7,25,14827B,27588.7593501245
1,2020-08-29T14:00:00Z,7,25,14827B,309.597860347472
1,2020-08-29T15:00:00Z,7,25,14827B,57667.9772615582
1,2020-08-29T16:00:00Z,7,25,14827B,70784.061636267
1,2020-08-29T17:00:00Z,7,25,14827B,45891.111742442
1,2020-08-29T18:00:00Z,7,25,14827B,7681.50564693025
1,2020-08-29T19:00:00Z,7,25,14827B,56984.8806647985
1,2020-08-29T20:00:00Z,7,25,14827B,11110.9237065223
1,2020-08-29T21:00:00Z,7,25,14827B,3884.29331957157
1,2020-08-29T22:00:00Z,7,25,14827B,33984.1953177694
1,2020-08-29T23:00:00Z,7,25,14827B,40147.0464393271
1,2020-08-30T00:00:00Z,7,25,14827B,177.597860347472
1,2020-08-30T01:00:00Z,7,25,14827B,1195.38498770588
1,2020-08-30T02:00:00Z,7,25,14827B,5513.91487995033
1,2020-08-30T03:00:00Z,7,25,14827B,14537.7553130949
1,2020-08-30T04:00:00Z,7,25,14827B,242
1,2020-08-30T05:00:00Z,7,25,14827B,5810.25680657292
1,2020-08-30T07:00:00Z,7,25,14827B,597.195720694944
1,2020-08-30T08:00:00Z,7,25,14827B,0
1,2020-08-30T09:00:00Z,7,25,14827B,5712.5357062449
1,2020-08-30T10:00:00Z,7,25,14827B,309.597860347472
1,2020-08-30T11:00:00Z,7,25,14827B,17538.0628887835
1,2020-08-29T12:00:00Z,7,37,10793A,1682.58070840083
1,2020-08-29T13:00:00Z,7,37,10793A,2366.56780103282
1,2020-08-29T15:00:00Z,7,37,10793A,6553.96225499418
1,2020-08-29T16:00:00Z,7,37,10793A,3918.14205574965
1,2020-08-29T17:00:00Z,7,37,10793A,3464.21517614759
1,2020-08-29T18:00:00Z,7,37,10793A,5000.54640450754
1,2020-08-29T19:00:00Z,7,37,10793A,996.78067367441
1,2020-08-29T20:00:00Z,7,37,10793A,1547.38498770589
1,2020-08-29T21:00:00Z,7,37,10793A,0
1,2020-08-29T22:00:00Z,7,37,10793A,4384.33132276059
1,2020-08-29T23:00:00Z,7,37,10793A,3897.13560206565
1,2020-08-30T00:00:00Z,7,37,10793A,5218.36793015988
1,2020-08-30T01:00:00Z,7,37,10793A,3454.15496311766
1,2020-08-30T03:00:00Z,7,37,10793A,177.597860347472
1,2020-08-30T04:00:00Z,7,37,10793A,242
1,2020-08-30T06:00:00Z,7,37,10793A,2550.55710277018
1,2020-08-30T08:00:00Z,7,37,10793A,974.391441389888
1,2020-08-30T10:00:00Z,7,37,10793A,487.195720694944
1,2020-08-30T11:00:00Z,7,37,10793A,3719.53774171817
2,2020-08-30T12:00:00Z,8,12,19231J,6893.02892170813
2,2020-08-30T13:00:00Z,8,12,19231J,5962.37383516456
2,2020-08-30T14:00:00Z,8,12,19231J,22279.1256627569
2,2020-08-30T15:00:00Z,8,12,19231J,58969.9650099956
2,2020-08-30T16:00:00Z,8,12,19231J,32666.6119856815
2,2020-08-30T17:00:00Z,8,12,19231J,7337.96799961272
2,2020-08-30T18:00:00Z,8,12,19231J,6206.25680657292
2,2020-08-30T19:00:00Z,8,12,19231J,2547.36138207524
2,2020-08-30T20:00:00Z,8,12,19231J,16630.28461227
2,2020-08-30T21:00:00Z,8,12,19231J,20223.5903583655
2,2020-08-30T22:00:00Z,8,12,19231J,11170.8933162368
2,2020-08-30T23:00:00Z,8,12,19231J,2268.10184345526
2,2020-08-31T00:00:00Z,8,12,19231J,17244.0300765536
2,2020-08-31T02:00:00Z,8,12,19231J,664.793581042416
2,2020-08-31T05:00:00Z,8,12,19231J,6194.72276415048
2,2020-08-31T06:00:00Z,8,12,19231J,996.78067367441
2,2020-08-31T08:00:00Z,8,12,19231J,932.378534021882
2,2020-08-31T09:00:00Z,8,12,19231J,22348.6256967113
2,2020-08-31T10:00:00Z,8,12,19231J,15970.102984336
2,2020-08-31T11:00:00Z,8,12,19231J,3159.77642909577
2,2020-08-30T12:00:00Z,8,15,18291F,5880.40586128947
2,2020-08-30T13:00:00Z,8,15,18291F,2547.36138207524
2,2020-08-30T14:00:00Z,8,15,18291F,49932.7220741252
2,2020-08-30T15:00:00Z,8,15,18291F,39747.8019724981
2,2020-08-30T16:00:00Z,8,15,18291F,18772.9109629368
2,2020-08-30T17:00:00Z,8,15,18291F,38249.5595858247
2,2020-08-30T18:00:00Z,8,15,18291F,5952.72276415048
2,2020-08-30T19:00:00Z,8,15,18291F,355.195720694944
2,2020-08-30T20:00:00Z,8,15,18291F,16905.2421219149
2,2020-08-30T21:00:00Z,8,15,18291F,48068.9578334825
2,2020-08-30T22:00:00Z,8,15,18291F,27046.413004972
2,2020-08-30T23:00:00Z,8,15,18291F,17728.0098882213
2,2020-08-31T00:00:00Z,8,15,18291F,5947.82885218438
2,2020-08-31T01:00:00Z,8,15,18291F,177.597860347472
2,2020-08-31T02:00:00Z,8,15,18291F,177.597860347472
2,2020-08-31T03:00:00Z,8,15,18291F,2745.96569610671
2,2020-08-31T04:00:00Z,8,15,18291F,466.189267010941
2,2020-08-31T05:00:00Z,8,15,18291F,1127.78712735841
2,2020-08-31T06:00:00Z,8,15,18291F,1195.38498770588
2,2020-08-31T07:00:00Z,8,15,18291F,11834.1409181431
2,2020-08-31T08:00:00Z,8,15,18291F,0
2,2020-08-31T09:00:00Z,8,15,18291F,16245.8758085367
2,2020-08-31T10:00:00Z,8,15,18291F,24612.1879438774
2,2020-08-31T11:00:00Z,8,15,18291F,12621.0893679026
2,2020-08-30T12:00:00Z,8,18,16829E,2653.77642909577
2,2020-08-30T13:00:00Z,8,18,16829E,3006.76997541177
2,2020-08-30T14:00:00Z,8,18,16829E,5798.33353186596
2,2020-08-30T15:00:00Z,8,18,16829E,27041.2869162025
2,2020-08-30T16:00:00Z,8,18,16829E,40213.4134367873
2,2020-08-30T17:00:00Z,8,18,16829E,36660.990366661
2,2020-08-30T18:00:00Z,8,18,16829E,12094.1667328791
2,2020-08-30T19:00:00Z,8,18,16829E,3095.76352172777
2,2020-08-30T20:00:00Z,8,18,16829E,17133.3402884156
2,2020-08-30T21:00:00Z,8,18,16829E,16095.1259753019
2,2020-08-30T22:00:00Z,8,18,16829E,20783.0222032656
2,2020-08-30T23:00:00Z,8,18,16829E,9963.08345950146
2,2020-08-31T00:00:00Z,8,18,16829E,309.597860347472
2,2020-08-31T01:00:00Z,8,18,16829E,242
2,2020-08-31T02:00:00Z,8,18,16829E,1437.38498770588
2,2020-08-31T03:00:00Z,8,18,16829E,1614.98284805336
2,2020-08-31T05:00:00Z,8,18,16829E,1636.98284805336
2,2020-08-31T06:00:00Z,8,18,16829E,242
2,2020-08-31T07:00:00Z,8,18,16829E,6061.33998554996
2,2020-08-31T09:00:00Z,8,18,16829E,30253.6454024482
2,2020-08-31T10:00:00Z,8,18,16829E,10530.6906693626
2,2020-08-31T11:00:00Z,8,18,16829E,242
2,2020-08-30T12:00:00Z,8,20,16509C,7449.93139221343
2,2020-08-30T13:00:00Z,8,20,16509C,177.597860347472
2,2020-08-30T14:00:00Z,8,20,16509C,22229.1533496102
2,2020-08-30T15:00:00Z,8,20,16509C,32081.0589270876
2,2020-08-30T16:00:00Z,8,20,16509C,20820.9382678632
2,2020-08-30T17:00:00Z,8,20,16509C,9691.27986692066
2,2020-08-30T18:00:00Z,8,20,16509C,0
2,2020-08-30T19:00:00Z,8,20,16509C,664.793581042416
2,2020-08-30T20:00:00Z,8,20,16509C,12783.0692033844
2,2020-08-30T21:00:00Z,8,20,16509C,18819.387618777
2,2020-08-30T22:00:00Z,8,20,16509C,14576.0391440698
2,2020-08-30T23:00:00Z,8,20,16509C,177.597860347472
2,2020-08-31T00:00:00Z,8,20,16509C,10908.275622342
2,2020-08-31T01:00:00Z,8,20,16509C,0
2,2020-08-31T03:00:00Z,8,20,16509C,2565.1721150643
2,2020-08-31T04:00:00Z,8,20,16509C,242
2,2020-08-31T05:00:00Z,8,20,16509C,2369.76352172777
2,2020-08-31T08:00:00Z,8,20,16509C,4117.73991609712
2,2020-08-31T09:00:00Z,8,20,16509C,39449.3216420616
2,2020-08-31T10:00:00Z,8,20,16509C,13517.2326556594
2,2020-08-31T11:00:00Z,8,20,16509C,0
2,2020-08-30T13:00:00Z,8,25,14827B,6718.84681744666
2,2020-08-30T14:00:00Z,8,25,14827B,25040.2718569386
2,2020-08-30T15:00:00Z,8,25,14827B,59555.0116723438
2,2020-08-30T16:00:00Z,8,25,14827B,45487.2579385202
2,2020-08-30T17:00:00Z,8,25,14827B,11730.5380320921
2,2020-08-30T18:00:00Z,8,25,14827B,14742.2061541991
2,2020-08-30T19:00:00Z,8,25,14827B,37076.5882493496
2,2020-08-30T20:00:00Z,8,25,14827B,34010.5386154822
2,2020-08-30T21:00:00Z,8,25,14827B,36493.0769745427
2,2020-08-30T22:00:00Z,8,25,14827B,42782.4478201959
2,2020-08-30T23:00:00Z,8,25,14827B,30427.8231084818
2,2020-08-31T00:00:00Z,8,25,14827B,177.597860347472
2,2020-08-31T01:00:00Z,8,25,14827B,3450.57001013819
2,2020-08-31T02:00:00Z,8,25,14827B,1372.98284805336
2,2020-08-31T03:00:00Z,8,25,14827B,3229.96569610671
2,2020-08-31T05:00:00Z,8,25,14827B,3458.68829647463
2,2020-08-31T06:00:00Z,8,25,14827B,6162.64108521334
2,2020-08-31T08:00:00Z,8,25,14827B,132
2,2020-08-31T09:00:00Z,8,25,14827B,33270.9509203223
2,2020-08-31T10:00:00Z,8,25,14827B,35206.7037190879
2,2020-08-31T11:00:00Z,8,25,14827B,3006.76997541177
2,2020-08-30T12:00:00Z,8,37,10793A,950.189267010941
2,2020-08-30T13:00:00Z,8,37,10793A,9387.20888624616
2,2020-08-30T14:00:00Z,8,37,10793A,7013.71491467675
2,2020-08-30T15:00:00Z,8,37,10793A,7098.92493852943
2,2020-08-30T16:00:00Z,8,37,10793A,2900.35492839124
2,2020-08-30T20:00:00Z,8,37,10793A,5870.53926409928
2,2020-08-30T21:00:00Z,8,37,10793A,751.195720694944
2,2020-08-30T22:00:00Z,8,37,10793A,5778.88472623504
2,2020-08-30T23:00:00Z,8,37,10793A,4978.33132276059
2,2020-08-31T00:00:00Z,8,37,10793A,5124.02237362349
2,2020-08-31T01:00:00Z,8,37,10793A,242
2,2020-08-31T02:00:00Z,8,37,10793A,0
2,2020-08-31T03:00:00Z,8,37,10793A,242
2,2020-08-31T05:00:00Z,8,37,10793A,1369.78712735841
2,2020-08-31T06:00:00Z,8,37,10793A,551.597860347472
2,2020-08-31T07:00:00Z,8,37,10793A,177.597860347472
2,2020-08-31T09:00:00Z,8,37,10793A,8462.43042167711
2,2020-08-31T10:00:00Z,8,37,10793A,8119.76228972061
2,2020-08-31T11:00:00Z,8,37,10793A,5209.08690061398
2,2020-08-31T12:00:00Z,9,12,19231J,1372.98284805336
2,2020-08-31T13:00:00Z,9,12,19231J,3650.55710277018
2,2020-08-31T14:00:00Z,9,12,19231J,33236.4942168694
2,2020-08-31T15:00:00Z,9,12,19231J,25473.1039515847
2,2020-08-31T16:00:00Z,9,12,19231J,12794.6637958249
2,2020-08-31T17:00:00Z,9,12,19231J,3052.36783575924
2,2020-08-31T18:00:00Z,9,12,19231J,3056.94633505471
2,2020-08-31T19:00:00Z,9,12,19231J,2564.78288277978
2,2020-08-31T20:00:00Z,9,12,19231J,16848.6710499316
2,2020-08-31T21:00:00Z,9,12,19231J,21309.4120485115
2,2020-08-31T22:00:00Z,9,12,19231J,9590.64110755454
2,2020-08-31T23:00:00Z,9,12,19231J,14861.6439213148
2,2020-09-01T00:00:00Z,9,12,19231J,3083.91478554969
2,2020-09-01T01:00:00Z,9,12,19231J,1151.98930173736
2,2020-09-01T03:00:00Z,9,12,19231J,775.787127358413
2,2020-09-01T05:00:00Z,9,12,19231J,821.384987705885
2,2020-09-01T06:00:00Z,9,12,19231J,487.195720694944
2,2020-09-01T07:00:00Z,9,12,19231J,1821.70544842127
2,2020-09-01T08:00:00Z,9,12,19231J,12192.5086595017
2,2020-09-01T09:00:00Z,9,12,19231J,177.597860347472
2,2020-09-01T11:00:00Z,9,12,19231J,3736.81374556053
2,2020-08-31T12:00:00Z,9,15,18291F,5908.79234903525
2,2020-08-31T13:00:00Z,9,15,18291F,1970.1785687483
2,2020-08-31T14:00:00Z,9,15,18291F,20753.7183590635
2,2020-08-31T15:00:00Z,9,15,18291F,38985.5769114035
2,2020-08-31T16:00:00Z,9,15,18291F,2681.56355645419
2,2020-08-31T17:00:00Z,9,15,18291F,1195.38498770589
2,2020-08-31T18:00:00Z,9,15,18291F,15802.6966001049
2,2020-08-31T19:00:00Z,9,15,18291F,38034.8592423384
2,2020-08-31T20:00:00Z,9,15,18291F,3390.74636978112
2,2020-08-31T21:00:00Z,9,15,18291F,2391.76352172777
2,2020-08-31T22:00:00Z,9,15,18291F,18572.1454057358
2,2020-08-31T23:00:00Z,9,15,18291F,29286.8481444512
2,2020-09-01T00:00:00Z,9,15,18291F,10866.4411646222
2,2020-09-01T01:00:00Z,9,15,18291F,177.597860347472
2,2020-09-01T02:00:00Z,9,15,18291F,177.597860347472
2,2020-09-01T03:00:00Z,9,15,18291F,1682.58070840083
2,2020-09-01T05:00:00Z,9,15,18291F,2021.30330876874
2,2020-09-01T06:00:00Z,9,15,18291F,177.597860347472
2,2020-09-01T07:00:00Z,9,15,18291F,6417.38375569872
2,2020-09-01T08:00:00Z,9,15,18291F,177.597860347472
2,2020-09-01T09:00:00Z,9,15,18291F,8271.77519708862
2,2020-09-01T10:00:00Z,9,15,18291F,3108.89047085357
2,2020-09-01T11:00:00Z,9,15,18291F,4500.67759821199
2,2020-08-31T12:00:00Z,9,18,16829E,6432.99231430884
2,2020-08-31T13:00:00Z,9,18,16829E,2127.76352172777
2,2020-08-31T14:00:00Z,9,18,16829E,12694.4885893843
2,2020-08-31T15:00:00Z,9,18,16829E,34831.3674798744
2,2020-08-31T16:00:00Z,9,18,16829E,7529.88197184677
2,2020-08-31T17:00:00Z,9,18,16829E,14475.94953375
2,2020-08-31T18:00:00Z,9,18,16829E,13510.5667328082
2,2020-08-31T19:00:00Z,9,18,16829E,309.597860347472
2,2020-08-31T20:00:00Z,9,18,16829E,6532.67185359345
2,2020-08-31T21:00:00Z,9,18,16829E,15546.5595924
2,2020-08-31T22:00:00Z,9,18,16829E,16763.1898155681
2,2020-08-31T23:00:00Z,9,18,16829E,4106.28041220356
2,2020-09-01T00:00:00Z,9,18,16829E,4097.55285819155
2,2020-09-01T01:00:00Z,9,18,16829E,3681.88401716957
2,2020-09-01T02:00:00Z,9,18,16829E,309.597860347472
2,2020-09-01T04:00:00Z,9,18,16829E,5048.13135748701
2,2020-09-01T06:00:00Z,9,18,16829E,775.787127358413
2,2020-09-01T07:00:00Z,9,18,16829E,4592.48258658251
2,2020-09-01T08:00:00Z,9,18,16829E,974.391441389888
2,2020-09-01T09:00:00Z,9,18,16829E,0
2,2020-09-01T10:00:00Z,9,18,16829E,6346.73567151848
2,2020-09-01T11:00:00Z,9,18,16829E,8428.51210061426
2,2020-08-31T13:00:00Z,9,20,16509C,9133.50564693025
2,2020-08-31T14:00:00Z,9,20,16509C,26856.4782186868
2,2020-08-31T15:00:00Z,9,20,16509C,27299.6739393817
2,2020-08-31T16:00:00Z,9,20,16509C,13253.8369696908
2,2020-08-31T17:00:00Z,9,20,16509C,8930.71206588784
2,2020-08-31T18:00:00Z,9,20,16509C,14860.0520514378
2,2020-08-31T19:00:00Z,9,20,16509C,5265.15071853902
2,2020-08-31T20:00:00Z,9,20,16509C,5617.53995082354
2,2020-08-31T21:00:00Z,9,20,16509C,12830.0498423324
2,2020-08-31T22:00:00Z,9,20,16509C,13224.0627497004
2,2020-08-31T23:00:00Z,9,20,16509C,4910.3442301286
2,2020-09-01T00:00:00Z,9,20,16509C,1903.57425471683
2,2020-09-01T03:00:00Z,9,20,16509C,4976.94854416007
2,2020-09-01T04:00:00Z,9,20,16509C,0
2,2020-09-01T05:00:00Z,9,20,16509C,288.591406663469
2,2020-09-01T06:00:00Z,9,20,16509C,3095.76352172777
2,2020-09-01T07:00:00Z,9,20,16509C,242
2,2020-09-01T08:00:00Z,9,20,16509C,7567.70561220384
2,2020-09-01T09:00:00Z,9,20,16509C,8005.11420554037
2,2020-09-01T11:00:00Z,9,20,16509C,10333.6842156786
2,2020-08-31T13:00:00Z,9,25,14827B,3924.87756348557
2,2020-08-31T14:00:00Z,9,25,14827B,37848.1165248123
2,2020-08-31T15:00:00Z,9,25,14827B,63185.5423802622
2,2020-08-31T16:00:00Z,9,25,14827B,57059.8030663382
2,2020-08-31T17:00:00Z,9,25,14827B,29006.4647288447
2,2020-08-31T18:00:00Z,9,25,14827B,9162.70492547958
2,2020-08-31T19:00:00Z,9,25,14827B,2610.38074312725
2,2020-08-31T20:00:00Z,9,25,14827B,36996.9265710771
2,2020-08-31T21:00:00Z,9,25,14827B,25723.5061822415
2,2020-08-31T22:00:00Z,9,25,14827B,39652.9388736298
2,2020-08-31T23:00:00Z,9,25,14827B,20566.0487270671
2,2020-09-01T00:00:00Z,9,25,14827B,6147.42743144685
2,2020-09-01T01:00:00Z,9,25,14827B,664.793581042416
2,2020-09-01T02:00:00Z,9,25,14827B,487.195720694944
2,2020-09-01T03:00:00Z,9,25,14827B,1130.98284805336
2,2020-09-01T04:00:00Z,9,25,14827B,3143.17432416966
2,2020-09-01T05:00:00Z,9,25,14827B,177.597860347472
2,2020-09-01T06:00:00Z,9,25,14827B,487.195720694944
2,2020-09-01T07:00:00Z,9,25,14827B,9207.91355354253
2,2020-09-01T08:00:00Z,9,25,14827B,14160.7050892621
2,2020-09-01T10:00:00Z,9,25,14827B,177.597860347472
2,2020-09-01T11:00:00Z,9,25,14827B,17055.1626520831
2,2020-08-31T13:00:00Z,9,37,10793A,1795.77642909577
2,2020-08-31T14:00:00Z,9,37,10793A,6794.70846099274
2,2020-08-31T15:00:00Z,9,37,10793A,7643.88057605704
2,2020-08-31T16:00:00Z,9,37,10793A,1614.98284805336
2,2020-08-31T18:00:00Z,9,37,10793A,2987.96569610671
2,2020-08-31T19:00:00Z,9,37,10793A,177.597860347472
2,2020-08-31T21:00:00Z,9,37,10793A,242
2,2020-08-31T22:00:00Z,9,37,10793A,3810.68829647463
2,2020-08-31T23:00:00Z,9,37,10793A,5444.47542383304
2,2020-09-01T00:00:00Z,9,37,10793A,9145.42892163722
2,2020-09-01T01:00:00Z,9,37,10793A,2025.10829713927
2,2020-09-01T03:00:00Z,9,37,10793A,1640.56780103282
2,2020-09-01T04:00:00Z,9,37,10793A,466.189267010941
2,2020-09-01T06:00:00Z,9,37,10793A,3063.68184279062
2,2020-09-01T07:00:00Z,9,37,10793A,950.189267010941
2,2020-09-01T08:00:00Z,9,37,10793A,1821.92548381233
2,2020-09-01T11:00:00Z,9,37,10793A,3142.35492839124
2,2020-09-01T12:00:00Z,10,12,19231J,0
2,2020-09-01T13:00:00Z,10,12,19231J,7189.97516236219
2,2020-09-01T14:00:00Z,10,12,19231J,40199.3119733292
2,2020-09-01T15:00:00Z,10,12,19231J,26545.1316845034
2,2020-09-01T16:00:00Z,10,12,19231J,5005.72921783448
2,2020-09-01T17:00:00Z,10,12,19231J,19398.7348152021
2,2020-09-01T18:00:00Z,10,12,19231J,15138.8556058859
2,2020-09-01T19:00:00Z,10,12,19231J,9174.20464166752
2,2020-09-01T20:00:00Z,10,12,19231J,5210.85891149903
2,2020-09-01T21:00:00Z,10,12,19231J,1351.97639436935
2,2020-09-01T22:00:00Z,10,12,19231J,1437.38498770588
2,2020-09-01T23:00:00Z,10,12,19231J,14394.2419545539
2,2020-09-02T00:00:00Z,10,12,19231J,9756.5759408805
2,2020-09-02T02:00:00Z,10,12,19231J,1127.78712735841
2,2020-09-02T05:00:00Z,10,12,19231J,6104.20094237179
2,2020-09-02T06:00:00Z,10,12,19231J,0
2,2020-09-01T12:00:00Z,10,15,18291F,2632.76997541177
2,2020-09-01T13:00:00Z,10,15,18291F,14295.6857282101
2,2020-09-01T14:00:00Z,10,15,18291F,68901.3113443396
2,2020-09-01T15:00:00Z,10,15,18291F,25016.3563497964
2,2020-09-01T16:00:00Z,10,15,18291F,12506.8598885972
2,2020-09-01T17:00:00Z,10,15,18291F,47583.3584579259
2,2020-09-01T18:00:00Z,10,15,18291F,34643.9917946414
2,2020-09-01T19:00:00Z,10,15,18291F,25516.2911607812
2,2020-09-01T20:00:00Z,10,15,18291F,56015.2504288194
2,2020-09-01T21:00:00Z,10,15,18291F,55186.8504982723
2,2020-09-01T22:00:00Z,10,15,18291F,52204.1105029437
2,2020-09-01T23:00:00Z,10,15,18291F,40733.3237767493
2,2020-09-02T00:00:00Z,10,15,18291F,11295.0182928274
2,2020-09-02T01:00:00Z,10,15,18291F,2037.77642909577
2,2020-09-02T02:00:00Z,10,15,18291F,7257.18874406925
2,2020-09-02T03:00:00Z,10,15,18291F,1019.98930173736
2,2020-09-02T05:00:00Z,10,15,18291F,177.597860347472
2,2020-09-02T06:00:00Z,10,15,18291F,242
2,2020-09-01T12:00:00Z,10,18,16829E,1746.98284805336
2,2020-09-01T13:00:00Z,10,18,16829E,4530.41160590801
2,2020-09-01T14:00:00Z,10,18,16829E,36236.7064883261
2,2020-09-01T15:00:00Z,10,18,16829E,21673.7296621415
2,2020-09-01T16:00:00Z,10,18,16829E,7774.08414622572
2,2020-09-01T17:00:00Z,10,18,16829E,24860.1492217734
2,2020-09-01T18:00:00Z,10,18,16829E,7008.79234903526
2,2020-09-01T20:00:00Z,10,18,16829E,3062.90833186568
2,2020-09-01T21:00:00Z,10,18,16829E,6821.26326025692
2,2020-09-01T22:00:00Z,10,18,16829E,7621.71633280768
2,2020-09-01T23:00:00Z,10,18,16829E,20729.0458088963
2,2020-09-02T01:00:00Z,10,18,16829E,1728.1785687483
2,2020-09-02T02:00:00Z,10,18,16829E,132
2,2020-09-02T03:00:00Z,10,18,16829E,309.597860347472
2,2020-09-02T04:00:00Z,10,18,16829E,242
2,2020-09-02T05:00:00Z,10,18,16829E,0
2,2020-09-02T06:00:00Z,10,18,16829E,177.597860347472
2,2020-09-01T13:00:00Z,10,20,16509C,1792.58070840083
2,2020-09-01T14:00:00Z,10,20,16509C,29618.871869182
2,2020-09-01T15:00:00Z,10,20,16509C,11798.6412489959
2,2020-09-01T16:00:00Z,10,20,16509C,20243.3662222518
2,2020-09-01T17:00:00Z,10,20,16509C,23963.1791643462
2,2020-09-01T18:00:00Z,10,20,16509C,12140.0605405951
2,2020-09-01T19:00:00Z,10,20,16509C,8761.7078213092
2,2020-09-01T20:00:00Z,10,20,16509C,18895.0348994912
2,2020-09-01T21:00:00Z,10,20,16509C,16006.6434581013
2,2020-09-01T22:00:00Z,10,20,16509C,3894.75927714913
2,2020-09-01T23:00:00Z,10,20,16509C,2081.1721150643
2,2020-09-02T00:00:00Z,10,20,16509C,5991.53995082354
2,2020-09-02T03:00:00Z,10,20,16509C,242
2,2020-09-02T04:00:00Z,10,20,16509C,1195.38498770588
2,2020-09-02T06:00:00Z,10,20,16509C,242
2,2020-09-01T12:00:00Z,10,25,14827B,2850.1785687483
2,2020-09-01T13:00:00Z,10,25,14827B,1924.58070840083
2,2020-09-01T14:00:00Z,10,25,14827B,78397.7903260268
2,2020-09-01T15:00:00Z,10,25,14827B,71799.4595857405
2,2020-09-01T16:00:00Z,10,25,14827B,50401.475254072
2,2020-09-01T17:00:00Z,10,25,14827B,64228.5074143442
2,2020-09-01T18:00:00Z,10,25,14827B,34331.8556002521
2,2020-09-01T19:00:00Z,10,25,14827B,775.787127358413
2,2020-09-01T20:00:00Z,10,25,14827B,953.384987705885
2,2020-09-01T21:00:00Z,10,25,14827B,1241.97639436935
2,2020-09-01T22:00:00Z,10,25,14827B,27320.8567503503
2,2020-09-01T23:00:00Z,10,25,14827B,33209.3917376802
2,2020-09-02T00:00:00Z,10,25,14827B,27883.1413225814
2,2020-09-02T01:00:00Z,10,25,14827B,4763.29977325557
2,2020-09-02T02:00:00Z,10,25,14827B,597.195720694944
2,2020-09-02T03:00:00Z,10,25,14827B,1130.98284805336
2,2020-09-02T04:00:00Z,10,25,14827B,0
2,2020-09-02T05:00:00Z,10,25,14827B,177.597860347472
2,2020-09-02T06:00:00Z,10,25,14827B,0
2,2020-09-01T12:00:00Z,10,37,10793A,1462.96994068535
2,2020-09-01T13:00:00Z,10,37,10793A,3476.54419540218
2,2020-09-01T14:00:00Z,10,37,10793A,6778.71562374222
2,2020-09-01T15:00:00Z,10,37,10793A,15420.7072983675
2,2020-09-01T16:00:00Z,10,37,10793A,309.597860347472
2,2020-09-01T17:00:00Z,10,37,10793A,2255.1850224323
2,2020-09-01T20:00:00Z,10,37,10793A,2729.49257577968
2,2020-09-01T22:00:00Z,10,37,10793A,1084.39144138989
2,2020-09-01T23:00:00Z,10,37,10793A,3765.13560206565
2,2020-09-02T00:00:00Z,10,37,10793A,8759.58018545914
2,2020-09-02T01:00:00Z,10,37,10793A,2217.70544842127
2,2020-09-02T04:00:00Z,10,37,10793A,729.195720694944
2,2020-09-02T05:00:00Z,10,37,10793A,1327.38498770589
2,2020-09-02T06:00:00Z,10,37,10793A,2355.49257577968
